-- phpMyAdmin SQL Dump
-- version 4.8.3
-- https://www.phpmyadmin.net/
--
-- Host: 127.0.0.1
-- Generation Time: Apr 06, 2019 at 07:30 PM
-- Server version: 10.1.37-MariaDB
-- PHP Version: 7.2.12

SET SQL_MODE = "NO_AUTO_VALUE_ON_ZERO";
SET AUTOCOMMIT = 0;
START TRANSACTION;
SET time_zone = "+00:00";


/*!40101 SET @OLD_CHARACTER_SET_CLIENT=@@CHARACTER_SET_CLIENT */;
/*!40101 SET @OLD_CHARACTER_SET_RESULTS=@@CHARACTER_SET_RESULTS */;
/*!40101 SET @OLD_COLLATION_CONNECTION=@@COLLATION_CONNECTION */;
/*!40101 SET NAMES utf8mb4 */;

--
-- Database: `laravelapi`
--

-- --------------------------------------------------------

--
-- Table structure for table `migrations`
--

CREATE TABLE `migrations` (
  `id` int(10) UNSIGNED NOT NULL,
  `migration` varchar(255) COLLATE utf8mb4_unicode_ci NOT NULL,
  `batch` int(11) NOT NULL
) ENGINE=InnoDB DEFAULT CHARSET=utf8mb4 COLLATE=utf8mb4_unicode_ci;

--
-- Dumping data for table `migrations`
--

INSERT INTO `migrations` (`id`, `migration`, `batch`) VALUES
(1, '2019_04_06_162140_create_products_table', 1),
(2, '2019_04_06_162301_create_reviews_table', 1);

-- --------------------------------------------------------

--
-- Table structure for table `products`
--

CREATE TABLE `products` (
  `id` int(10) UNSIGNED NOT NULL,
  `name` varchar(255) COLLATE utf8mb4_unicode_ci NOT NULL,
  `detail` text COLLATE utf8mb4_unicode_ci NOT NULL,
  `price` int(11) NOT NULL,
  `stock` int(11) NOT NULL,
  `discount` int(11) NOT NULL,
  `created_at` timestamp NULL DEFAULT NULL,
  `updated_at` timestamp NULL DEFAULT NULL
) ENGINE=InnoDB DEFAULT CHARSET=utf8mb4 COLLATE=utf8mb4_unicode_ci;

--
-- Dumping data for table `products`
--

INSERT INTO `products` (`id`, `name`, `detail`, `price`, `stock`, `discount`, `created_at`, `updated_at`) VALUES
(1, 'eligendi', 'Maxime asperiores nihil autem distinctio. Vitae dolorem dolore ratione rerum quia qui. Consequuntur repellat perspiciatis voluptas voluptatem itaque aut distinctio.', 572, 0, 21, '2019-04-06 11:29:20', '2019-04-06 11:29:20'),
(2, 'ab', 'Illo delectus id non aut excepturi illo minima aut. Accusamus voluptas voluptates voluptas qui impedit reiciendis. Ducimus doloribus atque earum debitis aliquid autem. Enim dolore aut ipsum facilis soluta et inventore.', 998, 1, 21, '2019-04-06 11:29:20', '2019-04-06 11:29:20'),
(3, 'quos', 'Ducimus optio odio excepturi quos sed laudantium inventore. Et ut rem delectus consequatur velit omnis. Impedit quis deleniti natus sed dolorem. Facilis soluta eum repellat vel est.', 437, 1, 12, '2019-04-06 11:29:20', '2019-04-06 11:29:20'),
(4, 'ea', 'Mollitia ex officiis omnis est inventore perspiciatis. Recusandae quos aut expedita quidem voluptas nisi cupiditate. Fugit hic velit et non similique repellat qui. Molestiae cum sapiente odio totam pariatur suscipit.', 991, 4, 15, '2019-04-06 11:29:20', '2019-04-06 11:29:20'),
(5, 'voluptatem', 'Sequi consectetur maxime dolores voluptate unde voluptate consequatur. A fugit rem cumque dolorum. Quod exercitationem molestiae exercitationem libero sit facere rem. Dolores quia deserunt ut ex perferendis fugiat dicta fuga.', 175, 6, 29, '2019-04-06 11:29:20', '2019-04-06 11:29:20'),
(6, 'qui', 'Non dolore consectetur rerum consequatur ut distinctio et. Repudiandae maiores nam ipsum autem dolore expedita adipisci. Possimus rerum veritatis illum enim at.', 327, 1, 6, '2019-04-06 11:29:20', '2019-04-06 11:29:20'),
(7, 'quas', 'Qui maiores possimus recusandae facere. Rerum eum qui dolores impedit fugit. Sunt ratione facere dolores enim quia consectetur totam. Tenetur cum reprehenderit reiciendis optio deleniti et voluptatibus.', 967, 2, 26, '2019-04-06 11:29:20', '2019-04-06 11:29:20'),
(8, 'perspiciatis', 'Dolores similique libero id fugiat. Facere minus rem in vero nesciunt minus mollitia. Corporis deleniti atque perferendis et.', 983, 3, 11, '2019-04-06 11:29:20', '2019-04-06 11:29:20'),
(9, 'ut', 'Ut cum numquam similique et modi unde. Velit id reprehenderit doloribus veritatis vero necessitatibus. Qui minus rem labore minus est molestiae. Quod iure omnis iste iure.', 228, 6, 4, '2019-04-06 11:29:21', '2019-04-06 11:29:21'),
(10, 'autem', 'Omnis facere et ex vel eos fugiat. Eum labore iusto sequi voluptatem. At eaque aut quis reprehenderit veniam ullam. Sed quam maxime quasi ipsum non repudiandae dolores.', 477, 0, 4, '2019-04-06 11:29:21', '2019-04-06 11:29:21'),
(11, 'hic', 'Iusto animi blanditiis maiores qui iusto nostrum voluptatem. Accusantium voluptas ea voluptas cumque aut. Et aut aliquam optio praesentium veritatis. Est non amet at aut repellat.', 741, 4, 20, '2019-04-06 11:29:21', '2019-04-06 11:29:21'),
(12, 'dignissimos', 'Repellat omnis ad eveniet cupiditate qui et. Repellat et ratione et qui rem excepturi.', 372, 6, 16, '2019-04-06 11:29:21', '2019-04-06 11:29:21'),
(13, 'blanditiis', 'Aut rerum consequatur rerum dolorem minus. Repellat provident dolor enim iusto nesciunt provident quia aut. Saepe occaecati blanditiis quas error. Vel id et est. Similique eum error quaerat deserunt placeat harum.', 759, 0, 18, '2019-04-06 11:29:21', '2019-04-06 11:29:21'),
(14, 'est', 'Ad aut labore doloremque aut iusto ea. Sint corporis doloremque et cumque labore optio. Blanditiis voluptatem maxime magnam unde voluptatum doloremque et.', 792, 0, 20, '2019-04-06 11:29:21', '2019-04-06 11:29:21'),
(15, 'consectetur', 'Aut sed nihil nihil sit facilis minima. Culpa ipsa at dolores reiciendis. Beatae sit non nihil et qui. Tempora ullam quis perferendis ratione ea. Dignissimos dolor distinctio ducimus quaerat non exercitationem cum.', 694, 7, 18, '2019-04-06 11:29:21', '2019-04-06 11:29:21'),
(16, 'ratione', 'Qui cupiditate voluptatem dolor maiores et quis dolores. Aliquid qui soluta nam accusamus modi ut amet. Iure consectetur qui fuga et.', 337, 0, 7, '2019-04-06 11:29:21', '2019-04-06 11:29:21'),
(17, 'ad', 'Repellat tenetur voluptatibus quis minus ut. Doloremque aut odit et repellat qui et sed. Ipsam a dolores aut rerum a ex magni. Beatae facere quod facilis nobis similique. Ipsum quia quibusdam atque provident et dolores voluptate.', 268, 8, 16, '2019-04-06 11:29:21', '2019-04-06 11:29:21'),
(18, 'saepe', 'Voluptatem earum aut molestias et labore adipisci. Et nisi officia aut consequatur nulla odio exercitationem. Dolorum qui maiores suscipit dolor quae. Ducimus velit qui officia et minus corporis nobis.', 245, 0, 22, '2019-04-06 11:29:21', '2019-04-06 11:29:21'),
(19, 'placeat', 'Aspernatur voluptatibus tenetur dolorum accusamus eos. Ea non enim repellat dolorem vel amet quod. Esse eveniet quo tenetur voluptatum facilis. Itaque est deleniti ab est. Ut asperiores quo natus sint.', 904, 3, 4, '2019-04-06 11:29:21', '2019-04-06 11:29:21'),
(20, 'sint', 'Veritatis sunt aliquid rerum est beatae sed omnis. Necessitatibus explicabo aut officia fugit. Omnis consequatur minima eos id sint quo.', 708, 4, 10, '2019-04-06 11:29:21', '2019-04-06 11:29:21'),
(21, 'porro', 'Mollitia est est ratione molestias alias. Mollitia quod et et numquam id itaque et. Velit reiciendis delectus necessitatibus nisi eum earum quasi qui. Laudantium voluptate incidunt assumenda sit eum voluptas.', 852, 7, 26, '2019-04-06 11:29:21', '2019-04-06 11:29:21'),
(22, 'possimus', 'Eum aut maiores aut laboriosam aliquam debitis commodi. Autem modi nemo earum maxime. Quia corrupti delectus reiciendis facilis iure sapiente.', 132, 7, 4, '2019-04-06 11:29:21', '2019-04-06 11:29:21'),
(23, 'dolore', 'Expedita accusantium similique odit pariatur omnis molestiae. Nesciunt accusamus tempora id quo consequuntur quo. Hic odio adipisci fuga maiores. Voluptatem nam minima doloremque fugiat. Magnam quia ex voluptate impedit quam.', 931, 9, 5, '2019-04-06 11:29:21', '2019-04-06 11:29:21'),
(24, 'quis', 'Numquam voluptatem a eaque commodi voluptas magni. A modi beatae veritatis placeat vel molestiae excepturi nihil. Laboriosam porro magni voluptas consequatur non autem reiciendis. Fugiat hic sed aut rerum facere.', 936, 4, 25, '2019-04-06 11:29:21', '2019-04-06 11:29:21'),
(25, 'possimus', 'Optio eum assumenda occaecati saepe unde est. Numquam laudantium sunt maiores esse quas consequatur aut. Laudantium facilis neque suscipit voluptatem. Optio cumque minus non qui harum.', 310, 4, 11, '2019-04-06 11:29:21', '2019-04-06 11:29:21'),
(26, 'voluptatum', 'Illum quidem eaque et. Libero distinctio sit adipisci beatae. Qui ipsam necessitatibus architecto tempora et ipsa ducimus. Impedit et quidem eligendi quasi.', 735, 3, 9, '2019-04-06 11:29:21', '2019-04-06 11:29:21'),
(27, 'nesciunt', 'Est enim magni dignissimos odio. Rem hic a fugiat est animi. Nesciunt iure cumque quis excepturi sed. Officia aut occaecati molestiae.', 533, 1, 16, '2019-04-06 11:29:21', '2019-04-06 11:29:21'),
(28, 'inventore', 'Aut tenetur sint at sit occaecati. Vero enim tempora laborum corrupti.', 640, 3, 10, '2019-04-06 11:29:21', '2019-04-06 11:29:21'),
(29, 'deleniti', 'Modi facilis exercitationem accusamus quasi corporis ducimus. Sequi nesciunt rerum voluptatem rem nihil. Consequatur qui non aliquid quis voluptatibus vel recusandae. Nobis ut praesentium ut velit quos.', 281, 4, 7, '2019-04-06 11:29:21', '2019-04-06 11:29:21'),
(30, 'est', 'Nostrum aperiam omnis vel voluptates aut reiciendis. Doloribus reprehenderit molestiae atque molestiae quae omnis sit. Corporis quia possimus nemo accusamus voluptatum praesentium et. Omnis ratione ut nemo omnis omnis cumque pariatur.', 106, 2, 16, '2019-04-06 11:29:21', '2019-04-06 11:29:21'),
(31, 'quasi', 'Corrupti sunt non atque quis voluptates. Maiores magnam perferendis adipisci cupiditate autem. Ut voluptate vel et nostrum.', 657, 4, 28, '2019-04-06 11:29:21', '2019-04-06 11:29:21'),
(32, 'quidem', 'Aut hic sed laboriosam tempora. Assumenda dolores corrupti mollitia est debitis quia odio. Alias nobis dignissimos ad cumque beatae quia. Minus amet quas nostrum sunt ipsam adipisci reiciendis quis.', 135, 5, 11, '2019-04-06 11:29:21', '2019-04-06 11:29:21'),
(33, 'commodi', 'Delectus nisi ab commodi quo eum eius. Praesentium occaecati eveniet quia reprehenderit id. Ullam qui quia et dolorem asperiores illo. Cumque tempora et mollitia esse sapiente libero.', 419, 7, 22, '2019-04-06 11:29:21', '2019-04-06 11:29:21'),
(34, 'ut', 'Atque placeat reiciendis fugiat odit. Impedit eius et aperiam quam harum aspernatur. Placeat officiis iste odio sequi veniam sint delectus. Id accusantium occaecati laboriosam officia tempora libero.', 287, 4, 27, '2019-04-06 11:29:21', '2019-04-06 11:29:21'),
(35, 'ea', 'Tempora et quia voluptas ullam odio est dolores cupiditate. Et dignissimos enim ex et voluptatem nam. Molestiae eligendi quae est consequatur vel distinctio.', 316, 9, 29, '2019-04-06 11:29:21', '2019-04-06 11:29:21'),
(36, 'occaecati', 'Qui itaque quia ullam perferendis cumque ut asperiores veniam. Et sint sint maiores eum dicta. Laboriosam eum nihil fuga optio quod asperiores numquam et.', 303, 6, 16, '2019-04-06 11:29:21', '2019-04-06 11:29:21'),
(37, 'excepturi', 'Doloremque aut non voluptate nulla dolorem consequuntur harum. Vero quaerat ducimus sunt similique. Eos dolor labore sint mollitia temporibus alias. Voluptates optio vero qui iusto molestiae rem.', 440, 6, 18, '2019-04-06 11:29:22', '2019-04-06 11:29:22'),
(38, 'perspiciatis', 'Aliquid provident temporibus sunt. Sit quisquam enim dolor quam et qui qui. Voluptates ducimus suscipit nesciunt tenetur. Est nihil expedita officiis sunt distinctio voluptas vel.', 424, 4, 12, '2019-04-06 11:29:22', '2019-04-06 11:29:22'),
(39, 'earum', 'Aliquid voluptatem quia odio recusandae ratione iste non eos. Distinctio tempore inventore odit.', 444, 1, 3, '2019-04-06 11:29:22', '2019-04-06 11:29:22'),
(40, 'quisquam', 'Sunt dolor inventore incidunt dolor rerum. Beatae enim nostrum deleniti rerum quam rem temporibus inventore. Similique ad modi quas. Et nam deserunt et aliquid sint in consequatur.', 810, 5, 3, '2019-04-06 11:29:22', '2019-04-06 11:29:22'),
(41, 'adipisci', 'Quos id vel laborum eveniet neque. Consequatur saepe dolorem eveniet sit. Molestiae ab doloremque fugiat.', 478, 2, 3, '2019-04-06 11:29:22', '2019-04-06 11:29:22'),
(42, 'voluptatem', 'Voluptatem qui rerum dicta beatae error expedita nobis voluptatem. Tempora sed rem quisquam. Voluptatem quis at quas voluptatem.', 259, 5, 15, '2019-04-06 11:29:22', '2019-04-06 11:29:22'),
(43, 'minus', 'Quo non consequatur similique deserunt molestiae ipsum tenetur. Eius excepturi architecto amet vel mollitia odio. Maxime aperiam omnis tempore animi qui. Delectus ab fugit ipsa exercitationem.', 657, 6, 6, '2019-04-06 11:29:22', '2019-04-06 11:29:22'),
(44, 'nihil', 'Cumque quia in harum. Quae ea laborum reprehenderit quia. Optio aut magnam qui et officiis molestias. Sunt tenetur occaecati nisi veniam.', 603, 7, 10, '2019-04-06 11:29:22', '2019-04-06 11:29:22'),
(45, 'aspernatur', 'Ut hic voluptatem consectetur laboriosam accusantium dolorem. Dolor quia itaque voluptas adipisci odio eos aliquam.', 771, 2, 6, '2019-04-06 11:29:22', '2019-04-06 11:29:22'),
(46, 'similique', 'Molestias et omnis minus et architecto est alias. Inventore sed aliquam sapiente itaque tempora. Qui saepe exercitationem amet ab aut earum. Cum qui voluptate id fugiat neque id. Et eveniet doloremque nihil eius ipsum ea commodi.', 255, 9, 13, '2019-04-06 11:29:22', '2019-04-06 11:29:22'),
(47, 'quas', 'Ducimus est ea delectus consequatur culpa voluptatem in cum. Molestiae saepe voluptas odit hic officia ut aperiam. Sunt repellat optio vel.', 483, 6, 17, '2019-04-06 11:29:22', '2019-04-06 11:29:22'),
(48, 'accusamus', 'Reiciendis deserunt eum in est ullam est. Voluptates consequatur autem quod molestiae quia laudantium. Dignissimos eligendi est reiciendis aut ipsam. Cupiditate rerum voluptates quasi voluptas.', 891, 4, 7, '2019-04-06 11:29:22', '2019-04-06 11:29:22'),
(49, 'dolorum', 'Qui ipsam consectetur aut doloremque est id expedita. Deserunt commodi reiciendis reiciendis quas esse fugiat. Pariatur labore non aut molestias ipsa.', 180, 7, 17, '2019-04-06 11:29:22', '2019-04-06 11:29:22'),
(50, 'commodi', 'Quia perferendis quo reiciendis sit unde ducimus. Similique earum amet eligendi officiis commodi quia at.', 886, 4, 21, '2019-04-06 11:29:22', '2019-04-06 11:29:22');

-- --------------------------------------------------------

--
-- Table structure for table `reviews`
--

CREATE TABLE `reviews` (
  `id` int(10) UNSIGNED NOT NULL,
  `product_id` int(10) UNSIGNED NOT NULL,
  `customer` varchar(255) COLLATE utf8mb4_unicode_ci NOT NULL,
  `review` text COLLATE utf8mb4_unicode_ci NOT NULL,
  `star` int(11) NOT NULL,
  `created_at` timestamp NULL DEFAULT NULL,
  `updated_at` timestamp NULL DEFAULT NULL
) ENGINE=InnoDB DEFAULT CHARSET=utf8mb4 COLLATE=utf8mb4_unicode_ci;

--
-- Dumping data for table `reviews`
--

INSERT INTO `reviews` (`id`, `product_id`, `customer`, `review`, `star`, `created_at`, `updated_at`) VALUES
(1, 22, 'Mr. Leopoldo Bechtelar I', 'Perspiciatis ipsa laborum qui dignissimos cumque et. Voluptas voluptatum harum dicta voluptatibus. Est rerum placeat dolor sapiente blanditiis. Possimus non laboriosam ea numquam eligendi maxime quasi. Et id aut recusandae ipsa illum.', 2, '2019-04-06 11:29:23', '2019-04-06 11:29:23'),
(2, 50, 'Forest Nader', 'Illo porro voluptates quos excepturi numquam. Asperiores est est eaque quam reprehenderit et. Delectus perferendis sed quis repudiandae et aut. Exercitationem in debitis eos et ut omnis deleniti.', 3, '2019-04-06 11:29:23', '2019-04-06 11:29:23'),
(3, 20, 'Roma Baumbach I', 'Minus quam ut in dolorum cum. Autem debitis quasi ad facilis quia maiores. Nisi aut unde commodi provident fuga aut autem et.', 5, '2019-04-06 11:29:23', '2019-04-06 11:29:23'),
(4, 32, 'Cecilia Lebsack V', 'Distinctio ratione totam praesentium ea. Doloremque molestiae illum modi corporis rerum at. Consequatur laboriosam quae dicta esse quibusdam possimus ut. Reiciendis aut maiores enim rerum deleniti minima omnis. Ad quis vel aut eveniet aut officia ipsa.', 2, '2019-04-06 11:29:23', '2019-04-06 11:29:23'),
(5, 3, 'Aurelia Auer I', 'Ab et et est eaque quas praesentium atque veritatis. Similique veritatis aspernatur aut et. Iure itaque tempora voluptatum ut. Saepe et animi impedit aspernatur rerum soluta et.', 4, '2019-04-06 11:29:23', '2019-04-06 11:29:23'),
(6, 9, 'Lilliana Trantow', 'Doloribus explicabo omnis recusandae voluptas aut accusantium aut officia. Quidem quas aut voluptatum. Et unde delectus aperiam. Rerum dolorem a sapiente aliquam ipsum deleniti. Voluptas voluptatem omnis molestiae est.', 4, '2019-04-06 11:29:23', '2019-04-06 11:29:23'),
(7, 18, 'Queenie Shanahan', 'Voluptatem eveniet vitae eveniet. Molestiae voluptas et dolores magnam et ab. Animi nemo quia et blanditiis maiores dolorem eum unde. Velit dolorem libero voluptas eum.', 1, '2019-04-06 11:29:23', '2019-04-06 11:29:23'),
(8, 27, 'Dagmar Parker', 'Sit in est sunt dignissimos quo facilis numquam. In impedit dolore debitis esse vel quaerat quidem. Eius quibusdam voluptate veniam odio distinctio aliquid quo commodi.', 0, '2019-04-06 11:29:23', '2019-04-06 11:29:23'),
(9, 37, 'Prof. Gunner Legros', 'Reiciendis enim porro perferendis vitae atque illum non. Voluptates dolores rerum qui consequatur tempore ut. Vel numquam et eos aliquid ex. Aut distinctio doloremque tempora doloribus.', 1, '2019-04-06 11:29:23', '2019-04-06 11:29:23'),
(10, 14, 'Dr. Hassie Deckow', 'Quo sint rerum qui saepe. Natus nisi facilis voluptatem aspernatur qui. Molestiae voluptatem quia dignissimos suscipit vel. Eligendi qui repellendus optio sit aliquid ut aut.', 4, '2019-04-06 11:29:23', '2019-04-06 11:29:23'),
(11, 29, 'Mr. Thurman Carter MD', 'Reiciendis quas et eum neque laudantium dolorem. Et eius non ex.', 4, '2019-04-06 11:29:23', '2019-04-06 11:29:23'),
(12, 28, 'Tito Conn', 'Non fugiat adipisci placeat sunt. Impedit atque veritatis occaecati quis itaque. Quasi quis ipsa nobis aut enim ducimus id quam.', 5, '2019-04-06 11:29:23', '2019-04-06 11:29:23'),
(13, 47, 'Benjamin Mueller', 'Repellendus qui eaque ratione iure similique. Voluptate accusamus neque quia id et ut nemo minima. Quae sint et unde. Sed hic minima illo dignissimos iste tempora veritatis. Corrupti dolorem doloribus perferendis at cum officiis consectetur mollitia.', 1, '2019-04-06 11:29:23', '2019-04-06 11:29:23'),
(14, 32, 'Antonina Smith', 'Voluptatem dignissimos placeat reprehenderit ea dolor aperiam. Quasi culpa ea quis architecto cum dolor omnis. Soluta asperiores cum minima velit illum eaque. Et quia sed qui eos suscipit velit iure. Aut eligendi explicabo minima omnis.', 4, '2019-04-06 11:29:23', '2019-04-06 11:29:23'),
(15, 18, 'Mr. Jalen Lind', 'Aut ad voluptas voluptatem enim quia ullam quia. Nam aut possimus et nulla id quis. Magnam aspernatur ipsa deleniti.', 4, '2019-04-06 11:29:23', '2019-04-06 11:29:23'),
(16, 2, 'Lisette Kreiger', 'Quis reiciendis placeat cum veritatis dolorem. Reprehenderit omnis aliquam at quod autem sequi. Sed omnis sed alias corrupti ipsam.', 3, '2019-04-06 11:29:23', '2019-04-06 11:29:23'),
(17, 21, 'Prof. Zack Hermann III', 'Ut distinctio commodi reprehenderit et. Unde modi nemo deserunt est.', 4, '2019-04-06 11:29:23', '2019-04-06 11:29:23'),
(18, 43, 'Makenna Bradtke', 'Suscipit dignissimos qui repudiandae est. Occaecati delectus pariatur vel. A quidem natus fuga delectus.', 0, '2019-04-06 11:29:23', '2019-04-06 11:29:23'),
(19, 10, 'Santino Shanahan', 'Fugit placeat hic ea. Odio sunt eum ut. Eius similique eveniet ullam.', 2, '2019-04-06 11:29:23', '2019-04-06 11:29:23'),
(20, 29, 'Zita Quigley', 'Laboriosam quia atque id magni ex porro. Magnam ut itaque assumenda excepturi. Officia magnam sequi est voluptas quisquam et est. Et ipsam accusantium et officia.', 1, '2019-04-06 11:29:23', '2019-04-06 11:29:23'),
(21, 45, 'Carley Upton', 'Veritatis provident distinctio iure. Voluptatum consectetur et cumque fugiat eveniet consequatur. Rerum consequatur laudantium quaerat animi qui. Quis magnam odit sequi commodi blanditiis iste molestias quia.', 4, '2019-04-06 11:29:23', '2019-04-06 11:29:23'),
(22, 40, 'Lucas Crist Sr.', 'Incidunt nesciunt perspiciatis voluptas voluptas voluptatibus similique ut. Voluptas qui officiis repellat eius.', 2, '2019-04-06 11:29:23', '2019-04-06 11:29:23'),
(23, 8, 'Prof. Georgette Mayert PhD', 'Sed iure repellat et quod et enim quasi nisi. Architecto exercitationem nam ad quo laudantium. Quos enim omnis praesentium velit. Beatae sit est quo at ut est assumenda. Quisquam dolorem laborum voluptates et dolor.', 5, '2019-04-06 11:29:23', '2019-04-06 11:29:23'),
(24, 46, 'Bert Kub', 'Et officiis tenetur praesentium maiores. Dolor aliquam iste neque quis facilis et omnis nam.', 1, '2019-04-06 11:29:23', '2019-04-06 11:29:23'),
(25, 49, 'Mrs. Vergie Pfannerstill V', 'Occaecati quia labore labore reprehenderit et. Ut et unde rem cum voluptatem ab quos. Ut non illum provident quis tenetur nulla.', 3, '2019-04-06 11:29:23', '2019-04-06 11:29:23'),
(26, 30, 'Berniece Blanda', 'Atque sint blanditiis maiores nihil est ab corrupti sint. Et tempore eveniet sint non. Doloremque aut tenetur qui ab numquam quam ipsam. Et facilis deleniti esse consequatur.', 2, '2019-04-06 11:29:23', '2019-04-06 11:29:23'),
(27, 43, 'Macie Hermann', 'Aut necessitatibus id amet quis nihil incidunt. Id id quaerat veniam provident cum libero incidunt sequi.', 0, '2019-04-06 11:29:23', '2019-04-06 11:29:23'),
(28, 46, 'Lottie Borer', 'Expedita id minima aut nemo. Blanditiis at ratione sed cumque rem. Consectetur quo ad ad et incidunt laborum esse non. Nulla necessitatibus doloribus sed incidunt.', 5, '2019-04-06 11:29:23', '2019-04-06 11:29:23'),
(29, 14, 'Elwin Glover', 'Officia sint sit quasi mollitia et officiis ut. Earum eum inventore pariatur earum voluptatem est nihil voluptas. Sequi officiis est eum assumenda odio dicta.', 1, '2019-04-06 11:29:23', '2019-04-06 11:29:23'),
(30, 16, 'Prof. Golda Barton PhD', 'Corrupti incidunt sit cumque nesciunt qui eum. Quaerat eos optio voluptatibus ea omnis reprehenderit vero.', 0, '2019-04-06 11:29:23', '2019-04-06 11:29:23'),
(31, 44, 'Kiana Torp III', 'Rerum dolorem quasi repellat. Enim architecto eos atque quos labore earum. Ea et voluptas suscipit error autem repellat et aut. Tenetur et repellat tenetur.', 3, '2019-04-06 11:29:23', '2019-04-06 11:29:23'),
(32, 24, 'Adolphus Ondricka', 'Beatae officia velit quisquam blanditiis commodi. Quas sed voluptate sed. Eius asperiores voluptas sit et vitae reiciendis laudantium.', 4, '2019-04-06 11:29:24', '2019-04-06 11:29:24'),
(33, 27, 'Sarina Huel', 'Explicabo voluptatem dolores nobis illum esse. A quo exercitationem est amet maiores nulla tenetur. Molestiae voluptate atque debitis sit atque.', 1, '2019-04-06 11:29:24', '2019-04-06 11:29:24'),
(34, 49, 'Lindsey Becker DVM', 'Perferendis est omnis nihil sunt sunt ad voluptatem et. Est suscipit quas rem tenetur et consequatur ut. Vitae iusto nisi quos ipsa velit. Alias quia deserunt quasi mollitia sit et.', 0, '2019-04-06 11:29:24', '2019-04-06 11:29:24'),
(35, 13, 'Gunner Stroman', 'Quidem porro consequatur sit nihil voluptatem repellendus. Veniam libero nobis vitae quasi ipsam quidem. Voluptatibus quos optio rem quas aut commodi consequatur. Accusamus sed impedit alias veniam laudantium.', 0, '2019-04-06 11:29:24', '2019-04-06 11:29:24'),
(36, 34, 'Terrance Hilpert', 'Totam consequatur itaque vel voluptates voluptatem. Enim eos possimus doloremque deserunt rerum fugiat temporibus. Consequatur hic illo consequatur consequuntur reprehenderit.', 1, '2019-04-06 11:29:24', '2019-04-06 11:29:24'),
(37, 47, 'Sage Tillman Jr.', 'Expedita impedit ipsum sunt quia odit voluptas omnis et. Non eum sit incidunt quisquam laboriosam maxime. Saepe nihil placeat ut veritatis et mollitia quo.', 3, '2019-04-06 11:29:24', '2019-04-06 11:29:24'),
(38, 11, 'Sherman Konopelski', 'Inventore beatae reiciendis ut. Nostrum reprehenderit molestiae commodi quas sit perferendis.', 5, '2019-04-06 11:29:24', '2019-04-06 11:29:24'),
(39, 12, 'Miss Erica Wisozk V', 'Enim officiis porro in repellat autem incidunt corporis. Itaque eius est non consequatur. Et est praesentium perferendis commodi magnam sed.', 5, '2019-04-06 11:29:24', '2019-04-06 11:29:24'),
(40, 21, 'Ms. Sarah Cremin', 'Cumque quae qui dolores veniam natus rerum corporis. Aspernatur nemo iure quia voluptate. Dolorum numquam voluptate nisi at nemo.', 3, '2019-04-06 11:29:24', '2019-04-06 11:29:24'),
(41, 11, 'Prof. Arlo Wiegand DVM', 'Nostrum possimus sapiente maiores a facere dolorem fuga. Labore natus amet harum fugit eum neque. Nobis itaque voluptates voluptatem voluptatem ullam.', 1, '2019-04-06 11:29:24', '2019-04-06 11:29:24'),
(42, 30, 'Amelie Flatley', 'Minima maxime nemo excepturi voluptatem iste est doloribus excepturi. Quo sequi sint eum. Quod quasi omnis sunt fuga aut.', 1, '2019-04-06 11:29:24', '2019-04-06 11:29:24'),
(43, 19, 'Lora Connelly', 'Accusantium quasi sunt quisquam cum aliquam exercitationem sit voluptatem. Voluptates modi aut et modi facilis inventore. Esse dolor distinctio necessitatibus sed enim quod. Vitae at enim aspernatur adipisci.', 3, '2019-04-06 11:29:24', '2019-04-06 11:29:24'),
(44, 44, 'Shanel Runte', 'Officia et quos expedita. Quam ipsam non modi laborum. Ad a velit autem.', 3, '2019-04-06 11:29:24', '2019-04-06 11:29:24'),
(45, 14, 'Emie Windler', 'Perferendis necessitatibus laborum laborum ex ex consectetur dolorem architecto. Quibusdam sed praesentium omnis ut reiciendis. Aliquid adipisci ut recusandae accusantium iure sint. Quia repudiandae eos quis non consectetur officia aut. Rerum hic eos et.', 3, '2019-04-06 11:29:24', '2019-04-06 11:29:24'),
(46, 46, 'Dr. Kendra Berge III', 'Unde alias sed vitae doloribus ratione. Odit qui voluptatum minus est. Et ut harum ut sit hic minus eius labore. Aspernatur aut nisi nam omnis molestiae. Quis beatae saepe asperiores qui.', 3, '2019-04-06 11:29:24', '2019-04-06 11:29:24'),
(47, 15, 'Heath Rohan', 'Eum exercitationem ut et molestiae. Nisi ratione est maxime. Accusamus sunt aut veniam consequatur porro facilis et.', 2, '2019-04-06 11:29:24', '2019-04-06 11:29:24'),
(48, 11, 'Zelma O\'Hara', 'Sit cupiditate eaque rerum asperiores reiciendis voluptas explicabo. Labore eius laboriosam quos qui et qui ut. Reiciendis accusamus quo adipisci fugit et consectetur ipsa consequatur. Ducimus hic nihil necessitatibus eaque. Nemo officia non autem nesciunt eius rem.', 5, '2019-04-06 11:29:24', '2019-04-06 11:29:24'),
(49, 8, 'Nicola Deckow', 'Cumque culpa ut voluptas voluptate. Dolor enim neque rerum exercitationem. Temporibus tempora nobis error distinctio placeat. Quis et cupiditate dignissimos eos laborum nostrum quia. Est officiis magni molestiae qui.', 5, '2019-04-06 11:29:24', '2019-04-06 11:29:24'),
(50, 39, 'Morris Buckridge', 'Asperiores ipsam deserunt neque molestias eveniet. Voluptatem autem ut enim nihil atque. Excepturi molestiae est commodi consequatur molestias.', 3, '2019-04-06 11:29:24', '2019-04-06 11:29:24'),
(51, 39, 'Brant Jacobi II', 'Ea voluptatem non animi delectus non commodi necessitatibus. Voluptatem eius accusantium omnis magni cupiditate temporibus nihil. Ad corrupti expedita omnis. Omnis nulla similique pariatur culpa alias.', 5, '2019-04-06 11:29:24', '2019-04-06 11:29:24'),
(52, 37, 'Consuelo Schneider', 'Neque autem laboriosam enim autem. Inventore sequi fugiat dolore repellat et dolorum odit sint.', 0, '2019-04-06 11:29:24', '2019-04-06 11:29:24'),
(53, 16, 'Miss Erna Ruecker', 'Libero ut alias pariatur ut quibusdam occaecati. Voluptas aliquid at sint laudantium numquam. Fugit officiis modi qui laborum libero reiciendis amet. Sunt molestiae et autem ipsam ipsam voluptatem.', 0, '2019-04-06 11:29:24', '2019-04-06 11:29:24'),
(54, 50, 'Kaylee Doyle', 'Dolorem possimus cupiditate voluptas officia quos autem. Tempore dolorem voluptas numquam qui iusto occaecati. Nam cupiditate id nam ut nesciunt.', 3, '2019-04-06 11:29:24', '2019-04-06 11:29:24'),
(55, 30, 'Anissa Hoppe', 'Soluta minima dolorem recusandae earum enim. Quod architecto et mollitia modi asperiores. Tempora distinctio omnis architecto qui laboriosam sunt iste.', 1, '2019-04-06 11:29:24', '2019-04-06 11:29:24'),
(56, 12, 'Ernestine O\'Keefe II', 'Incidunt eveniet quisquam ratione corrupti delectus ut. Non assumenda doloremque consequatur et et omnis. A aut velit omnis vitae eligendi dolores. Hic vel praesentium nesciunt molestias sunt et.', 1, '2019-04-06 11:29:24', '2019-04-06 11:29:24'),
(57, 37, 'Dr. Maxie Borer IV', 'Minus aperiam cum qui corporis quo voluptatem rerum. Quod qui suscipit nulla minima maiores molestiae. Dolorum quas porro culpa perspiciatis aut laudantium corporis. Alias voluptatum voluptatum blanditiis saepe et.', 2, '2019-04-06 11:29:24', '2019-04-06 11:29:24'),
(58, 17, 'Vergie Schuppe', 'Et aspernatur aut et porro. Voluptas ea quas ex laudantium. Quia doloribus dolores quidem non commodi veritatis.', 4, '2019-04-06 11:29:24', '2019-04-06 11:29:24'),
(59, 27, 'Dock Schmitt III', 'Qui voluptatem magni sequi recusandae est ea qui. Aliquid eius dignissimos distinctio aut voluptatibus sequi et. Quia excepturi incidunt omnis officia aliquid.', 5, '2019-04-06 11:29:24', '2019-04-06 11:29:24'),
(60, 39, 'Annabelle Haley', 'Aspernatur aut aut aliquid qui incidunt. Veniam est et quos tempore vel cum. Provident quasi temporibus quia consequatur. Tenetur dolor iste est velit placeat ullam sint.', 1, '2019-04-06 11:29:24', '2019-04-06 11:29:24'),
(61, 5, 'Harmony Beier', 'Dolore at dolorem quo eos. Suscipit eum et voluptatem quos. Deserunt voluptatibus sed harum deleniti quaerat. Et fuga qui voluptatem qui sapiente dolor delectus ratione.', 5, '2019-04-06 11:29:24', '2019-04-06 11:29:24'),
(62, 27, 'Annamae Bechtelar', 'Deserunt eum aliquam assumenda aut est. Repellat et distinctio quisquam rerum pariatur libero velit. Ut saepe voluptas velit in aut eos non. Qui ut est aut ut ab.', 3, '2019-04-06 11:29:24', '2019-04-06 11:29:24'),
(63, 37, 'Lelah Hayes', 'Cum molestiae aut non in magnam. Et qui sed qui maxime eos. Autem perspiciatis aliquid aspernatur quia. Eum cumque labore sit laboriosam nobis.', 4, '2019-04-06 11:29:24', '2019-04-06 11:29:24'),
(64, 18, 'Brady Hagenes', 'Harum at et culpa delectus fugit eaque beatae. Exercitationem quam qui soluta omnis sunt similique ea. Eum suscipit corporis quae non provident voluptatem natus. Distinctio error voluptas fugiat ut corrupti.', 3, '2019-04-06 11:29:24', '2019-04-06 11:29:24'),
(65, 21, 'Bulah Hagenes', 'Aut quae rerum illum maiores id. Facere voluptatem unde minima culpa magnam error. Aut nostrum at velit nisi sunt. Enim fugiat dolorem molestiae necessitatibus quo recusandae.', 3, '2019-04-06 11:29:24', '2019-04-06 11:29:24'),
(66, 25, 'Heidi Will', 'Omnis sed sapiente veniam illo. Vel dicta error tempora voluptatem mollitia consequuntur in. A ipsam quia voluptatem quos deleniti quos repellendus.', 2, '2019-04-06 11:29:24', '2019-04-06 11:29:24'),
(67, 30, 'Mikel Hilpert', 'Tempora quia aut minus aut eius soluta. Placeat doloremque tempora voluptas maiores vitae eos perspiciatis. Voluptas eaque ullam ea labore tempora a alias. Et minus dolorem quidem. Voluptatem distinctio id illum officiis non nobis.', 1, '2019-04-06 11:29:25', '2019-04-06 11:29:25'),
(68, 47, 'Prof. Lennie McDermott PhD', 'Quis in quisquam aut et ea qui voluptas. Eius incidunt tenetur laboriosam voluptatem voluptas similique sit. Accusamus at dignissimos et a.', 4, '2019-04-06 11:29:25', '2019-04-06 11:29:25'),
(69, 14, 'Gracie Klein', 'Eligendi velit enim possimus reprehenderit. Quaerat velit velit consequatur excepturi iste laudantium deserunt.', 2, '2019-04-06 11:29:25', '2019-04-06 11:29:25'),
(70, 49, 'Lenora Franecki', 'Corrupti ut eligendi possimus sint. Rem asperiores sed architecto. Aut odit accusamus nesciunt exercitationem quam.', 4, '2019-04-06 11:29:25', '2019-04-06 11:29:25'),
(71, 26, 'Morgan Wolff', 'Voluptatibus quia enim voluptatum facilis. Optio architecto id nobis possimus qui. Neque eos quasi impedit adipisci saepe voluptates perferendis. Totam beatae magni maiores odio.', 2, '2019-04-06 11:29:25', '2019-04-06 11:29:25'),
(72, 41, 'Josiah Cummerata', 'Ducimus sunt quis magni dolor excepturi nemo. Quis enim architecto est exercitationem et ut vel. Nihil in ipsa officiis voluptas quidem placeat eos. Impedit commodi eligendi repudiandae eum blanditiis sed qui. Explicabo voluptas non ratione ipsam sit est.', 2, '2019-04-06 11:29:25', '2019-04-06 11:29:25'),
(73, 7, 'Ruby Raynor', 'Porro assumenda aspernatur laboriosam itaque minima labore reiciendis. Dicta et praesentium blanditiis rerum. Sed non velit est aliquid non. Omnis sed qui ex vitae aut quod.', 3, '2019-04-06 11:29:25', '2019-04-06 11:29:25'),
(74, 46, 'Dillon Wisozk', 'Molestias consectetur dicta assumenda cumque est eligendi. Quia autem iusto expedita et molestiae. Quis optio laudantium molestias rem quis eum.', 5, '2019-04-06 11:29:25', '2019-04-06 11:29:25'),
(75, 21, 'Roosevelt Klein', 'Quo commodi eos asperiores. Inventore libero corporis cum aliquid sunt. Corporis voluptas velit non eaque ut et. Quidem eum nostrum adipisci voluptatem quo esse praesentium.', 2, '2019-04-06 11:29:25', '2019-04-06 11:29:25'),
(76, 28, 'Mortimer Harber', 'Nam asperiores in est vero. Ut voluptates fugiat perferendis nobis illum. Tenetur sunt soluta ut porro rerum. Dicta eaque quia hic et tempore.', 5, '2019-04-06 11:29:25', '2019-04-06 11:29:25'),
(77, 19, 'Joyce Swift', 'Eaque velit rerum perferendis in aliquid eius. Est et aspernatur quos omnis consequatur sit et. Dicta magnam mollitia est qui veniam enim eligendi.', 1, '2019-04-06 11:29:25', '2019-04-06 11:29:25'),
(78, 44, 'Angelita Wolff', 'Nemo ducimus nostrum eligendi architecto distinctio. Est et sunt nostrum et. Ut tempore quas dolores. Quidem qui nihil corrupti mollitia vitae dolorem.', 0, '2019-04-06 11:29:25', '2019-04-06 11:29:25'),
(79, 28, 'Idell Mante II', 'Non sit corporis omnis est fugit inventore dolore. Rerum voluptatibus architecto eum qui quidem veniam fugit. Rerum et laborum quas voluptatum qui id.', 1, '2019-04-06 11:29:25', '2019-04-06 11:29:25'),
(80, 28, 'Hilbert Ernser', 'Recusandae quod nisi totam iusto sed autem velit magni. Quam culpa rem deserunt illo.', 5, '2019-04-06 11:29:25', '2019-04-06 11:29:25'),
(81, 39, 'Marcelino Dickinson', 'Dolore id excepturi consequuntur facilis. Doloribus labore ad maxime atque. At fuga nulla at illum sint facilis autem.', 4, '2019-04-06 11:29:25', '2019-04-06 11:29:25'),
(82, 39, 'Prof. Eusebio Mitchell I', 'Temporibus vel quae architecto nemo mollitia. Laudantium est fugiat quis ut error debitis quia. Quod architecto dolores veritatis et. Modi nemo vel sunt eos et.', 1, '2019-04-06 11:29:25', '2019-04-06 11:29:25'),
(83, 7, 'Mrs. Thora Langworth', 'Consequatur ipsa ab molestias doloremque est. Consequatur ex voluptatem necessitatibus assumenda quo doloremque. Et officiis eligendi voluptatum sed ea accusantium sed id.', 1, '2019-04-06 11:29:25', '2019-04-06 11:29:25'),
(84, 20, 'Rubye Emmerich', 'Id velit necessitatibus officiis officia voluptatem sed excepturi. Omnis exercitationem sit eius neque aut sed animi. Dolores veniam neque blanditiis debitis quia fugiat culpa.', 0, '2019-04-06 11:29:25', '2019-04-06 11:29:25'),
(85, 49, 'Hilda Botsford', 'Iure sequi ipsum ut voluptatem sit doloribus ea. Et voluptatum quod mollitia voluptatum ab perferendis. Aspernatur doloribus facilis similique. Sapiente debitis laboriosam consequuntur corporis et.', 5, '2019-04-06 11:29:25', '2019-04-06 11:29:25'),
(86, 26, 'Jerald Renner', 'Tempora voluptatibus non recusandae laboriosam impedit ex tempore. Impedit numquam totam blanditiis non et. Fugit placeat eligendi sed mollitia alias odit.', 5, '2019-04-06 11:29:25', '2019-04-06 11:29:25'),
(87, 41, 'Kelvin Christiansen', 'Est temporibus id est magni pariatur at quae. Dolorum sunt explicabo laboriosam est corporis alias quam. A culpa amet ea vel sed quo. Vel placeat ipsam voluptatem aut hic sed et.', 1, '2019-04-06 11:29:25', '2019-04-06 11:29:25'),
(88, 22, 'Mavis Bechtelar', 'Doloribus qui odio iusto sequi quaerat non. Sit quaerat eius enim qui. Ea in reprehenderit architecto laboriosam. Et commodi deserunt aperiam cumque praesentium commodi quia quam.', 3, '2019-04-06 11:29:25', '2019-04-06 11:29:25'),
(89, 31, 'Harmony Von V', 'Aut est quia laborum sit. Quam doloremque suscipit enim assumenda non. Quis sunt ut assumenda ad harum aspernatur quisquam.', 4, '2019-04-06 11:29:25', '2019-04-06 11:29:25'),
(90, 36, 'Myrl Dibbert', 'Rerum dignissimos nulla dicta nesciunt quo nisi doloribus quo. Repudiandae neque molestiae at consectetur consequatur pariatur. Distinctio qui quo ut.', 5, '2019-04-06 11:29:25', '2019-04-06 11:29:25'),
(91, 11, 'Cielo Aufderhar', 'Assumenda molestiae explicabo magnam. Rem est nostrum nisi repellat. Ipsam similique quis excepturi dolor. Esse libero ratione ratione praesentium.', 0, '2019-04-06 11:29:25', '2019-04-06 11:29:25'),
(92, 41, 'Frieda O\'Reilly MD', 'Unde voluptatibus in quod ut illo vel voluptate consequuntur. Ad ut fuga sint maiores. Debitis fugit non sed magnam.', 2, '2019-04-06 11:29:25', '2019-04-06 11:29:25'),
(93, 21, 'Shania Collier', 'Ut libero voluptatem sed ad nihil numquam non. Non quae maiores beatae iure ad debitis. Molestias sit molestias quia ut ab. Aut quis dolores totam molestiae.', 1, '2019-04-06 11:29:25', '2019-04-06 11:29:25'),
(94, 43, 'Gussie Kunze', 'Doloremque a eligendi asperiores. Consequatur qui sint ut consequatur rerum natus. Error quia voluptatem porro rerum impedit ea sint.', 4, '2019-04-06 11:29:25', '2019-04-06 11:29:25'),
(95, 5, 'Amelie Nolan', 'Impedit quo est temporibus dolores ipsum unde. Quo repudiandae nobis quo placeat. Aut placeat est nihil assumenda nobis laborum quidem. Magni soluta est amet qui iste.', 3, '2019-04-06 11:29:25', '2019-04-06 11:29:25'),
(96, 38, 'Dr. Selmer Waelchi MD', 'Incidunt ducimus molestiae illo adipisci eaque dolorum placeat. Necessitatibus rerum expedita ipsa eligendi accusamus velit ipsa. Consequatur dolor esse voluptatum nisi harum temporibus dolor.', 1, '2019-04-06 11:29:25', '2019-04-06 11:29:25'),
(97, 38, 'Phyllis Ratke', 'Debitis harum architecto et aperiam eius tenetur. Cumque itaque velit autem quidem.', 4, '2019-04-06 11:29:25', '2019-04-06 11:29:25'),
(98, 38, 'Celia Von', 'Dolore voluptate et laboriosam labore qui nihil neque non. Id pariatur natus deleniti. Commodi a dignissimos animi ad dignissimos laborum eveniet. Laudantium modi soluta rerum qui et rem cumque. Aut ea enim fuga at.', 4, '2019-04-06 11:29:25', '2019-04-06 11:29:25'),
(99, 22, 'Melvin Hagenes', 'Dolorem dolor perspiciatis placeat dicta. Voluptatem facilis numquam minus beatae. Enim illo praesentium et consequatur qui numquam nihil.', 2, '2019-04-06 11:29:25', '2019-04-06 11:29:25'),
(100, 33, 'Amina Kozey II', 'Nulla omnis sequi consequatur eum error. Quis dolores consequuntur repellendus cum aut excepturi. Deserunt iste et sit alias.', 1, '2019-04-06 11:29:26', '2019-04-06 11:29:26'),
(101, 5, 'Hoyt Boyle', 'Placeat sequi magnam deserunt magni. Reiciendis reprehenderit rerum totam corrupti dolor aut. Quibusdam voluptatibus et autem laborum quibusdam. Magnam harum minus distinctio sit.', 4, '2019-04-06 11:29:26', '2019-04-06 11:29:26'),
(102, 31, 'Green Rolfson', 'Autem sunt minus non quidem incidunt consequatur ut temporibus. Et magnam nobis est et. A quo laborum tenetur ut necessitatibus qui sint sint.', 5, '2019-04-06 11:29:26', '2019-04-06 11:29:26'),
(103, 7, 'Marianne Bartoletti', 'Ut consequatur recusandae repudiandae. Quia tempora harum molestiae sit. Dignissimos vel dignissimos labore necessitatibus placeat. Qui asperiores earum id sed.', 0, '2019-04-06 11:29:26', '2019-04-06 11:29:26'),
(104, 16, 'Stefan Gerlach', 'Veritatis voluptatum dolores voluptas aut. Dolor est eum et beatae. Fugit et ea consequatur dicta aut.', 2, '2019-04-06 11:29:26', '2019-04-06 11:29:26'),
(105, 23, 'Prof. Guillermo Hilpert', 'Dicta quisquam molestiae quo qui totam. Dicta dignissimos est qui ipsum nulla laborum molestiae. Facere voluptatibus itaque temporibus et. Repellat ut et et omnis ut minima.', 0, '2019-04-06 11:29:26', '2019-04-06 11:29:26'),
(106, 37, 'Miss Samanta Reichel', 'Facilis occaecati praesentium eveniet et omnis qui delectus dolore. Eum nobis ipsam dolorum pariatur quisquam numquam porro vero. Eos dolor amet tenetur quaerat.', 0, '2019-04-06 11:29:26', '2019-04-06 11:29:26'),
(107, 18, 'Jack Altenwerth', 'Saepe enim sint similique rerum incidunt beatae tenetur. Neque voluptas ut accusantium harum eius exercitationem.', 2, '2019-04-06 11:29:26', '2019-04-06 11:29:26'),
(108, 41, 'Alexander Rutherford', 'Ratione quia tempore autem dolorem et nemo voluptatem. Et debitis nemo numquam corrupti tempore harum. Cum in sapiente reprehenderit magnam.', 5, '2019-04-06 11:29:26', '2019-04-06 11:29:26'),
(109, 3, 'Leonor Carroll', 'Voluptatem in libero expedita maiores. Quidem cum recusandae atque accusantium porro explicabo. Aliquam quis dolores consequatur voluptatum sit voluptatibus. Itaque ullam nesciunt qui aut est itaque.', 3, '2019-04-06 11:29:26', '2019-04-06 11:29:26'),
(110, 39, 'Brooklyn Kassulke', 'Est asperiores neque occaecati qui deserunt. Corporis debitis sit exercitationem nesciunt unde dolor. Est asperiores occaecati consequatur in. Molestiae ipsam qui dolores aut corporis.', 3, '2019-04-06 11:29:26', '2019-04-06 11:29:26'),
(111, 21, 'Alf Walker II', 'Quo numquam unde eaque hic. Dolor culpa iure magnam consequatur libero.', 0, '2019-04-06 11:29:26', '2019-04-06 11:29:26'),
(112, 5, 'Audrey Doyle', 'Cumque aut aut reiciendis aspernatur. Eos doloremque commodi voluptas omnis eum non. Est autem autem sed consequatur velit molestias.', 1, '2019-04-06 11:29:26', '2019-04-06 11:29:26'),
(113, 37, 'Ms. Vesta O\'Keefe', 'Maiores dolorem vero et quidem. Assumenda rerum repellat voluptate consequuntur sint nesciunt. Voluptas voluptas et dolorem.', 5, '2019-04-06 11:29:26', '2019-04-06 11:29:26'),
(114, 46, 'Pascale Dickinson', 'Sunt ut iusto natus exercitationem et dolores. Distinctio est dolorum ratione consequatur aspernatur quia. Aliquam beatae eveniet commodi est recusandae et tempora.', 0, '2019-04-06 11:29:26', '2019-04-06 11:29:26'),
(115, 31, 'Ms. Hettie Hoppe', 'Rem distinctio doloribus distinctio possimus. Minima enim ut fugiat ipsam aut quia. Animi in quae ea occaecati.', 2, '2019-04-06 11:29:26', '2019-04-06 11:29:26'),
(116, 24, 'Miss Chelsie Rolfson', 'Sapiente hic alias numquam aut molestias ut alias. Assumenda odio qui quis sed accusantium.', 5, '2019-04-06 11:29:26', '2019-04-06 11:29:26'),
(117, 24, 'Adah Heathcote', 'Et et libero labore atque ad nihil dolor. Soluta aperiam distinctio inventore. Illum fugiat reiciendis officia explicabo adipisci ut.', 4, '2019-04-06 11:29:26', '2019-04-06 11:29:26'),
(118, 1, 'Eduardo Ebert', 'Velit eum reiciendis ullam dolorum impedit dignissimos corrupti. Facilis porro recusandae aut inventore praesentium consequuntur. Dolorem delectus vel nam libero nihil aut impedit.', 3, '2019-04-06 11:29:26', '2019-04-06 11:29:26'),
(119, 23, 'Dr. Addie Hirthe DDS', 'Aut quia aut a nulla et. Nostrum voluptatibus eum sit dolor tempore. Ut culpa delectus dolorem laborum repellendus. Dolorem voluptatem est facilis aspernatur.', 5, '2019-04-06 11:29:26', '2019-04-06 11:29:26'),
(120, 1, 'Eloisa Collins', 'Velit rerum ut asperiores tempora ex numquam nostrum. Cumque laboriosam sit cum voluptate velit et.', 2, '2019-04-06 11:29:26', '2019-04-06 11:29:26'),
(121, 43, 'Tierra Heaney', 'Sint voluptatem laborum harum fugit qui quibusdam. Ducimus consequatur ullam sed deleniti quia ipsa eum nesciunt. Maxime iure ipsa non a tenetur. Voluptatem nulla qui quos sunt velit.', 1, '2019-04-06 11:29:26', '2019-04-06 11:29:26'),
(122, 45, 'Mr. Kraig Erdman Sr.', 'Labore dolore quia accusamus neque consequatur. Earum neque excepturi quod molestiae. Autem cumque doloremque ab quo sit quod. Et cumque ut harum iure quis.', 3, '2019-04-06 11:29:26', '2019-04-06 11:29:26'),
(123, 8, 'Cleta Zboncak Jr.', 'Eius ab quo sed nihil eos commodi blanditiis. Eaque et ut nostrum recusandae corrupti voluptatum harum. Consequatur soluta deserunt sint molestias. Neque temporibus repellat eligendi in voluptas.', 5, '2019-04-06 11:29:26', '2019-04-06 11:29:26'),
(124, 39, 'Norma Leuschke', 'Quia tempore nihil excepturi laudantium aperiam. Qui enim quaerat ea quos. In dolore et et odit dolor.', 2, '2019-04-06 11:29:26', '2019-04-06 11:29:26'),
(125, 19, 'Manuela Nikolaus', 'Mollitia occaecati tempore voluptas cupiditate nam. Aspernatur rem quis amet eius ut et.', 3, '2019-04-06 11:29:26', '2019-04-06 11:29:26'),
(126, 3, 'Estevan Pollich', 'Repellat harum est quo qui repudiandae soluta. Non dolorem magni quaerat aut minima nisi. Voluptatem fugit accusantium nemo dignissimos aut.', 0, '2019-04-06 11:29:26', '2019-04-06 11:29:26'),
(127, 29, 'Sarina Bartell', 'Laborum enim laudantium maiores architecto voluptatem. Sint qui est nesciunt a consequatur quam. Eos cum quia voluptatem aliquam consectetur.', 4, '2019-04-06 11:29:26', '2019-04-06 11:29:26'),
(128, 43, 'Tabitha Price PhD', 'Saepe eum et debitis tempore. Veritatis esse nam rerum et maiores error. At odit provident illum velit sint vitae non. Et distinctio fuga voluptatum voluptatem.', 4, '2019-04-06 11:29:26', '2019-04-06 11:29:26'),
(129, 50, 'Dr. Bria Ledner V', 'Cumque qui accusamus odit voluptas ipsa tenetur officia. Aspernatur eos perspiciatis occaecati iusto est iusto voluptas. Dolore deleniti ut porro nulla. Deleniti illo nisi dolor quas recusandae.', 2, '2019-04-06 11:29:26', '2019-04-06 11:29:26'),
(130, 36, 'Gregorio Morar', 'Illo quaerat porro a mollitia vitae animi. Eligendi consequuntur recusandae minima occaecati similique libero. Aut qui eveniet dolorem facilis ut molestiae et.', 4, '2019-04-06 11:29:26', '2019-04-06 11:29:26'),
(131, 46, 'Christy Gibson', 'Cum expedita necessitatibus dicta nesciunt dolorem quis. Eveniet quis velit at voluptas voluptatum. Nam est aut et vel doloremque.', 0, '2019-04-06 11:29:26', '2019-04-06 11:29:26'),
(132, 21, 'Jacky Waters', 'Quisquam voluptas adipisci optio illum. Ut omnis delectus qui quidem in. Quos laborum officia iure aut sit. Vel et pariatur voluptas corrupti iste vitae.', 2, '2019-04-06 11:29:26', '2019-04-06 11:29:26'),
(133, 31, 'Vernice Little', 'Minus suscipit voluptatem eveniet mollitia provident molestiae. Quis enim nihil voluptate aliquam. Error magni excepturi consequatur quasi optio. Voluptate sed non sit animi adipisci ut.', 2, '2019-04-06 11:29:26', '2019-04-06 11:29:26'),
(134, 15, 'Chelsey Steuber', 'Ut est aut mollitia sunt omnis quia mollitia. Consequatur qui nostrum consequatur iure. Nihil et nobis neque possimus illum natus ut.', 2, '2019-04-06 11:29:26', '2019-04-06 11:29:26'),
(135, 9, 'Violette Heathcote', 'Qui est quis ut consectetur est aut. Quo corporis culpa omnis recusandae. Voluptatem et ullam quam necessitatibus quisquam quia est tempora.', 0, '2019-04-06 11:29:26', '2019-04-06 11:29:26'),
(136, 6, 'Zoe Nolan', 'Molestias quos et aliquam numquam mollitia. Id animi incidunt illum qui.', 0, '2019-04-06 11:29:27', '2019-04-06 11:29:27'),
(137, 27, 'Petra Kiehn DVM', 'Aperiam voluptatem consequatur illo et. Recusandae est ut ex. Eius doloremque et provident sequi illo et.', 1, '2019-04-06 11:29:27', '2019-04-06 11:29:27'),
(138, 38, 'Myriam Hickle II', 'Distinctio et quam est ab repellat. Qui hic velit magnam sit voluptas cum facere. Maxime magnam sapiente et cumque. Aliquid est reprehenderit nobis reprehenderit voluptas.', 2, '2019-04-06 11:29:27', '2019-04-06 11:29:27'),
(139, 32, 'Dr. Alene Lesch', 'Quis saepe vitae id laudantium tenetur soluta. Blanditiis rerum doloremque natus et quisquam eligendi minus. Dolor velit quas quo atque vitae.', 0, '2019-04-06 11:29:27', '2019-04-06 11:29:27'),
(140, 36, 'Mozell Bailey', 'Nesciunt eaque consequuntur corrupti reiciendis. Libero modi magni dolores sunt vero et tenetur nemo. Velit voluptatem a ea ut. Qui vel eligendi distinctio dicta libero saepe.', 3, '2019-04-06 11:29:27', '2019-04-06 11:29:27'),
(141, 15, 'Stephany Reynolds Sr.', 'Debitis aut et et velit. Sint sit consequuntur et vel in. Voluptatibus quaerat ut est eligendi et quaerat adipisci. Ratione eum voluptate maiores libero repellendus.', 3, '2019-04-06 11:29:27', '2019-04-06 11:29:27'),
(142, 50, 'Mr. Levi Reynolds', 'Rerum sequi ut enim totam sequi. Aut voluptatum aut quos dignissimos recusandae. Dolorum dicta numquam recusandae consequatur voluptatem. Mollitia sit dolore et.', 0, '2019-04-06 11:29:27', '2019-04-06 11:29:27'),
(143, 15, 'Emelia Lockman', 'Qui blanditiis possimus tenetur itaque qui. Accusantium consequatur tempora sunt ut aspernatur velit. Ut dolores optio ipsam magnam commodi laudantium veniam.', 1, '2019-04-06 11:29:27', '2019-04-06 11:29:27'),
(144, 37, 'Lera Mitchell V', 'Voluptas rem debitis non fuga quia quibusdam iste. Provident molestiae veritatis exercitationem fugit rerum ullam ipsa. Nisi et praesentium praesentium amet minus natus cupiditate aut. Magnam consequatur numquam quas qui nemo quia quae.', 2, '2019-04-06 11:29:27', '2019-04-06 11:29:27'),
(145, 24, 'Julio Barrows', 'In eum quibusdam temporibus earum praesentium. Rerum qui maxime laboriosam voluptate minima. Reprehenderit quas similique atque et numquam veritatis eligendi earum. Doloribus porro suscipit harum magni.', 4, '2019-04-06 11:29:27', '2019-04-06 11:29:27'),
(146, 28, 'Jaquelin Crona', 'Illo doloribus aliquid in dicta. Qui ut eaque nesciunt pariatur. Excepturi autem autem tempore consequuntur eos impedit tempore. Ipsum omnis ab maiores quia. Animi dolorum dolores qui eos.', 5, '2019-04-06 11:29:27', '2019-04-06 11:29:27'),
(147, 7, 'Ms. Melyna Cummerata', 'Provident minus blanditiis excepturi et explicabo dolore consequatur. Et quis et laboriosam sunt sed deserunt. Amet fugiat dolores aut et blanditiis exercitationem. Qui vel voluptatem temporibus autem sed.', 0, '2019-04-06 11:29:27', '2019-04-06 11:29:27'),
(148, 10, 'Brian Stark', 'Libero dolores rerum voluptate consectetur aperiam. Dolores reiciendis perspiciatis assumenda quo magni. Neque est et est cumque in ut quia dolorem. Nam molestiae qui adipisci saepe.', 4, '2019-04-06 11:29:27', '2019-04-06 11:29:27'),
(149, 21, 'Annabell Klocko', 'Eos et dolor enim libero commodi adipisci deserunt. Nemo ut fuga et soluta.', 0, '2019-04-06 11:29:27', '2019-04-06 11:29:27'),
(150, 27, 'Lexus Lebsack', 'Totam esse rem id aut fugit repellendus maxime ratione. Ex eligendi quod labore. Doloribus sed ut adipisci aut sit ab fuga. Et tempore nobis dignissimos magnam quaerat magni.', 3, '2019-04-06 11:29:27', '2019-04-06 11:29:27'),
(151, 29, 'Adele Watsica', 'Quis recusandae accusamus vel nihil aspernatur. Enim magni voluptatem sit recusandae et. Qui animi voluptatibus et quis.', 2, '2019-04-06 11:29:27', '2019-04-06 11:29:27'),
(152, 22, 'Mustafa Kunze', 'Delectus ut aperiam dolores quisquam qui velit sunt. Consectetur iure minima consequatur non velit et. Est porro dolor nihil praesentium.', 1, '2019-04-06 11:29:27', '2019-04-06 11:29:27'),
(153, 3, 'Ms. Harmony Wintheiser IV', 'Quod nemo molestias quo ut sed. Et excepturi labore inventore molestiae doloribus blanditiis. Quam voluptatum doloremque aut numquam aperiam. Molestiae molestiae itaque corporis repellat explicabo dolorem.', 4, '2019-04-06 11:29:27', '2019-04-06 11:29:27'),
(154, 25, 'Winfield Carroll', 'Sit quo animi iste culpa. Alias occaecati officiis qui. Quia voluptatem quo possimus mollitia. In soluta at ut illo consectetur occaecati.', 1, '2019-04-06 11:29:27', '2019-04-06 11:29:27'),
(155, 20, 'Tyreek Raynor', 'Magni molestiae nisi blanditiis dolor id itaque illum. Eos repellat omnis eos et.', 1, '2019-04-06 11:29:27', '2019-04-06 11:29:27'),
(156, 48, 'Nicholas Metz IV', 'Sit velit et ipsum a modi. Sunt itaque aut eum corrupti tempore placeat fugit omnis. Ea maxime labore accusamus dolore. Veritatis qui quam aliquam alias.', 2, '2019-04-06 11:29:27', '2019-04-06 11:29:27'),
(157, 8, 'Lottie Kunde', 'Et maiores non molestias consectetur placeat. Perspiciatis sint exercitationem nulla quos libero tempora iste non. Hic in placeat sapiente mollitia. Esse et consequatur distinctio cumque. Dicta ut et molestiae at.', 1, '2019-04-06 11:29:27', '2019-04-06 11:29:27'),
(158, 11, 'Marshall Watsica', 'Nostrum et aperiam ut. Similique nisi debitis perspiciatis debitis occaecati voluptatem.', 3, '2019-04-06 11:29:27', '2019-04-06 11:29:27'),
(159, 26, 'Dr. Brenna Powlowski III', 'Alias necessitatibus laudantium inventore placeat est et rem. Quo aut hic illo consequatur ullam. Veritatis voluptatum nihil dolorum. Soluta corporis qui quo similique provident perferendis vitae.', 3, '2019-04-06 11:29:27', '2019-04-06 11:29:27'),
(160, 28, 'Diego Kozey', 'Sit in recusandae quo. Eius vel et aspernatur minus dolores. Dolore sed molestias a minima. Odio odit recusandae nihil consequatur nihil totam maiores.', 5, '2019-04-06 11:29:27', '2019-04-06 11:29:27'),
(161, 11, 'Julianne Stokes', 'Cupiditate consectetur voluptatem similique omnis enim unde. Voluptatum earum libero nesciunt qui omnis recusandae. Porro et aspernatur ratione eaque fugit officia deleniti.', 5, '2019-04-06 11:29:27', '2019-04-06 11:29:27'),
(162, 37, 'Ross Zboncak', 'Sed voluptates harum natus optio aut. Corrupti voluptatem dolores soluta est. Quisquam commodi dolor autem quia necessitatibus suscipit incidunt.', 2, '2019-04-06 11:29:27', '2019-04-06 11:29:27'),
(163, 40, 'Oral Harris', 'Ducimus sed hic sit quia sequi. Officiis et iste adipisci. Voluptate et provident quisquam.', 4, '2019-04-06 11:29:27', '2019-04-06 11:29:27'),
(164, 40, 'Miss Aaliyah Daugherty V', 'Reprehenderit optio qui id harum ut in consequatur. Ad et omnis dolor placeat aperiam.', 5, '2019-04-06 11:29:27', '2019-04-06 11:29:27'),
(165, 21, 'Lenora Rippin', 'Dolorem quam id voluptates quo nisi dolor quis. Est explicabo soluta est et. Fugiat ea facere aspernatur dolores explicabo. Nostrum quae et aut aperiam ea optio omnis.', 4, '2019-04-06 11:29:27', '2019-04-06 11:29:27'),
(166, 27, 'Lafayette Stiedemann III', 'Mollitia cum iusto eum. Facere quia corporis dolorem. Odio earum minima officia dolorum qui ut. Vitae est laborum nobis temporibus.', 1, '2019-04-06 11:29:27', '2019-04-06 11:29:27'),
(167, 32, 'Alverta Baumbach', 'Quas quia dolores hic numquam at aut ipsa maxime. Et ad est et ex voluptas dignissimos quasi. Qui quos velit officia necessitatibus aut optio ad non.', 4, '2019-04-06 11:29:27', '2019-04-06 11:29:27'),
(168, 23, 'Prof. Elton Stracke IV', 'Ut dolorem aut veniam expedita et cum. Iste corrupti suscipit omnis nemo laborum nam quasi. Tempora officia aspernatur cupiditate molestiae.', 3, '2019-04-06 11:29:27', '2019-04-06 11:29:27'),
(169, 33, 'Dr. Chandler McGlynn PhD', 'Quis molestias deleniti corrupti magni dicta ratione. Voluptas asperiores iste voluptate labore cum quasi. Perspiciatis ipsam aut temporibus quis sed velit nisi. Nulla dolorum culpa velit fugiat dolore.', 4, '2019-04-06 11:29:27', '2019-04-06 11:29:27'),
(170, 20, 'Kathryn Schoen', 'Voluptatem illo ipsam veniam sed assumenda enim. Atque sequi magni autem illum qui aut quidem mollitia.', 5, '2019-04-06 11:29:27', '2019-04-06 11:29:27'),
(171, 2, 'Chester Bahringer', 'Perspiciatis voluptas est ea et architecto consequatur occaecati. Reprehenderit sunt et odio quo quia nisi. Vel excepturi nostrum in accusamus. Et enim quo non. Ratione ipsa vel et aspernatur amet qui voluptatem.', 0, '2019-04-06 11:29:27', '2019-04-06 11:29:27'),
(172, 35, 'Joelle Pouros', 'Minima est qui aliquid occaecati. Vero laboriosam eligendi ullam amet fugit ut. Eligendi voluptatibus et animi optio eveniet.', 3, '2019-04-06 11:29:28', '2019-04-06 11:29:28'),
(173, 47, 'Ms. Gudrun Grimes DDS', 'Delectus unde nihil at exercitationem. Libero nemo autem quia ad consequatur voluptatum. Rerum occaecati illum dicta accusamus cum delectus qui quis.', 5, '2019-04-06 11:29:28', '2019-04-06 11:29:28'),
(174, 6, 'Mr. Griffin Casper', 'Fugiat suscipit ex incidunt sunt repellat ex. Tenetur illum sint odit eligendi. Eveniet qui qui fugit ex velit amet. Molestiae aut sed velit.', 1, '2019-04-06 11:29:28', '2019-04-06 11:29:28'),
(175, 14, 'Dr. Timmothy Ullrich', 'Beatae aperiam ut quas quia. Et voluptatem vel ullam ex id voluptatem nostrum.', 5, '2019-04-06 11:29:28', '2019-04-06 11:29:28'),
(176, 32, 'Mr. Ralph Jenkins', 'Omnis sint est consequatur amet mollitia. Praesentium officia minima molestias aperiam. Non eligendi impedit numquam reiciendis similique omnis quis. Alias quibusdam vel molestiae expedita impedit.', 1, '2019-04-06 11:29:28', '2019-04-06 11:29:28'),
(177, 37, 'Dr. Lisandro Pacocha Sr.', 'Odio assumenda eos quasi asperiores et dolor. Non debitis explicabo recusandae eius error laborum. Suscipit laudantium sed nisi veritatis dolor quas sed.', 3, '2019-04-06 11:29:28', '2019-04-06 11:29:28'),
(178, 16, 'Naomie Upton', 'Nulla dolorem sed doloremque quis id qui quia dolor. Perspiciatis officiis quidem mollitia. Consectetur iste eveniet est et quos. Nemo quo in est iure et dignissimos ad.', 3, '2019-04-06 11:29:28', '2019-04-06 11:29:28'),
(179, 38, 'Alberta Rippin', 'Voluptas est placeat deleniti sit in quo omnis. Consectetur harum laboriosam eos eligendi et. Blanditiis quod eos ut aut laborum qui id. Eveniet consequatur est consequatur.', 0, '2019-04-06 11:29:28', '2019-04-06 11:29:28'),
(180, 30, 'Tom Rice', 'Necessitatibus omnis et eaque accusamus magni earum eum. Sed fugit quidem unde ut distinctio qui distinctio. Tenetur velit et ipsum.', 2, '2019-04-06 11:29:28', '2019-04-06 11:29:28'),
(181, 47, 'Favian Swift', 'Aut autem odio fugit voluptatem impedit nostrum. Voluptatem aspernatur id officia inventore sunt mollitia sunt.', 3, '2019-04-06 11:29:28', '2019-04-06 11:29:28'),
(182, 40, 'Velva Hyatt', 'Quos autem qui voluptatem in vitae voluptates. Necessitatibus molestiae laborum possimus perferendis maiores adipisci. Doloremque enim et sit dolor maiores voluptatem et dolor.', 1, '2019-04-06 11:29:28', '2019-04-06 11:29:28'),
(183, 39, 'Manuela Gusikowski Sr.', 'Non voluptatem accusantium natus praesentium architecto omnis tempora. Vel velit doloremque est corrupti fugiat.', 5, '2019-04-06 11:29:28', '2019-04-06 11:29:28'),
(184, 1, 'Gunner Nikolaus', 'Quia provident voluptatem qui cum ratione delectus. Blanditiis esse ut sunt veritatis ab qui sed inventore. Non reiciendis esse quo rerum ratione. Est hic aut tempora.', 0, '2019-04-06 11:29:28', '2019-04-06 11:29:28'),
(185, 49, 'Robin Brown', 'Error fuga iste enim natus ducimus hic aut. Esse sapiente nemo ea eum aspernatur. Molestiae et voluptatem iste consequatur enim voluptatibus asperiores voluptatem. Ea facilis provident dolor quod. Ea voluptas asperiores et eligendi quaerat expedita velit.', 5, '2019-04-06 11:29:28', '2019-04-06 11:29:28'),
(186, 48, 'Sidney Greenfelder', 'Impedit non aperiam alias mollitia consectetur eius aperiam. Et vitae eligendi dolorum eum adipisci assumenda voluptatem omnis. Repellat ad quam molestiae. Ut saepe quas enim amet et occaecati quo.', 2, '2019-04-06 11:29:28', '2019-04-06 11:29:28'),
(187, 5, 'Jay Braun', 'Est quidem quam officiis voluptas voluptas enim iste ducimus. Eveniet rerum provident est asperiores iste ut et cum. Veniam et at dolor non quia ab. Et occaecati ratione cumque et possimus quaerat.', 0, '2019-04-06 11:29:28', '2019-04-06 11:29:28'),
(188, 32, 'Alanna Kovacek', 'Laudantium dolorum aut vero ab quis harum. Et aliquid nostrum porro molestiae. Laudantium quisquam dolore odio. Consectetur inventore veritatis eaque.', 1, '2019-04-06 11:29:28', '2019-04-06 11:29:28'),
(189, 16, 'Dr. Lera Dach PhD', 'Quos facilis repellat enim. Error voluptas rerum odit ea repellendus non placeat. Alias quod iste repudiandae omnis ea. Unde perferendis deserunt officiis et pariatur. Voluptatibus hic vel id quia omnis et.', 0, '2019-04-06 11:29:28', '2019-04-06 11:29:28'),
(190, 36, 'Dr. Reed O\'Hara', 'Rerum optio expedita ut autem sed est. Quas neque ut illum itaque optio. Quia accusantium tenetur officiis ducimus voluptas libero facilis a. Ex sint velit rem atque.', 0, '2019-04-06 11:29:28', '2019-04-06 11:29:28'),
(191, 12, 'Myrtis Metz', 'Ex quod omnis ducimus et nesciunt. Commodi repellendus optio numquam id rerum repudiandae id qui. Iusto fuga distinctio repellendus animi architecto.', 5, '2019-04-06 11:29:28', '2019-04-06 11:29:28'),
(192, 41, 'Chelsey Braun', 'Voluptas praesentium sunt voluptatum rerum consectetur. Et alias provident omnis dolor non neque. Eum rem sed molestias vero numquam ab.', 0, '2019-04-06 11:29:28', '2019-04-06 11:29:28'),
(193, 18, 'Napoleon Auer', 'Omnis sed possimus blanditiis est. Et sint voluptas quos quia illum tempore rem. Soluta porro autem explicabo magni porro sit dolorem.', 1, '2019-04-06 11:29:28', '2019-04-06 11:29:28'),
(194, 2, 'Mr. Wilber Willms', 'A adipisci nisi iusto sequi. Ut omnis dolor sapiente quis ratione doloremque excepturi. Minima minima id praesentium illo et nihil.', 1, '2019-04-06 11:29:28', '2019-04-06 11:29:28'),
(195, 24, 'Esteban Waelchi V', 'Aliquid et incidunt quo officiis quam distinctio. Incidunt facilis voluptatum architecto qui dolore laudantium. Voluptatem ipsa suscipit quia incidunt quidem ducimus rerum.', 0, '2019-04-06 11:29:28', '2019-04-06 11:29:28'),
(196, 30, 'Loraine Halvorson', 'Eos omnis labore voluptatum. Alias odio quae nihil. Veniam cupiditate sapiente libero qui nihil. Illum sit est voluptates quia.', 1, '2019-04-06 11:29:28', '2019-04-06 11:29:28'),
(197, 4, 'Destiney Ondricka', 'Rem numquam odio voluptate minima reprehenderit maiores nisi. Dicta a itaque sed beatae quam esse tenetur.', 2, '2019-04-06 11:29:28', '2019-04-06 11:29:28'),
(198, 37, 'Layla Dickinson', 'In possimus fuga eos blanditiis quae iure. Ab et sed ipsa. Beatae quia dolore distinctio alias ut tenetur ut ea.', 5, '2019-04-06 11:29:28', '2019-04-06 11:29:28'),
(199, 45, 'Cloyd Crona', 'Aut dignissimos voluptas quas ipsum aliquam. Ut deserunt quas voluptatem. Eos perferendis temporibus quibusdam nostrum fuga dolorem.', 1, '2019-04-06 11:29:28', '2019-04-06 11:29:28'),
(200, 34, 'Prof. Keenan Marks', 'Dicta molestias cupiditate eius sit. Laboriosam non enim quia minima sit. Voluptas minus corrupti in maiores porro unde velit et. Adipisci quos aut ut sint labore sapiente.', 2, '2019-04-06 11:29:28', '2019-04-06 11:29:28'),
(201, 31, 'Dr. Maymie Schumm V', 'Est consequatur rerum labore beatae veniam. Tempora fugit totam aliquid. Id distinctio sint aut exercitationem. Non totam voluptatem tempore cupiditate sit ut.', 0, '2019-04-06 11:29:28', '2019-04-06 11:29:28'),
(202, 44, 'Jailyn Vandervort', 'Eaque voluptas nihil eveniet debitis nulla cumque. Non omnis eum reiciendis autem aut. Assumenda soluta est quia sequi nesciunt id.', 5, '2019-04-06 11:29:28', '2019-04-06 11:29:28'),
(203, 43, 'Otto Hermann IV', 'Mollitia eveniet cumque dolore enim aspernatur assumenda perspiciatis. Accusamus quo sit libero quo et hic. Reiciendis dolor aperiam maiores id necessitatibus necessitatibus facilis fuga. Molestias nisi illum harum eligendi sit. Voluptatem sunt adipisci minima aut et alias sed.', 1, '2019-04-06 11:29:28', '2019-04-06 11:29:28'),
(204, 16, 'Izaiah Luettgen', 'Adipisci illum sit minus. Asperiores in vel culpa modi et. Perspiciatis autem omnis velit reprehenderit. Eum quasi itaque minus et.', 4, '2019-04-06 11:29:29', '2019-04-06 11:29:29'),
(205, 9, 'Jamar Kuhn', 'Quae architecto ducimus ipsum velit reprehenderit dolor. Voluptate accusamus ratione quidem et esse veritatis. Quia similique omnis animi expedita non.', 5, '2019-04-06 11:29:29', '2019-04-06 11:29:29'),
(206, 23, 'Gerhard Kemmer', 'Ut dolores inventore aut ea totam sint. Voluptatem occaecati optio repellat hic est. Est delectus minima aliquam velit fuga et et.', 0, '2019-04-06 11:29:29', '2019-04-06 11:29:29'),
(207, 29, 'Jaunita Morar', 'Aut libero beatae sed et fugiat nihil quia vel. Ratione repellat quam accusantium magnam et rem mollitia.', 1, '2019-04-06 11:29:29', '2019-04-06 11:29:29'),
(208, 4, 'Doug Robel', 'Nihil et dicta repudiandae perferendis rem. Occaecati itaque et eum aut. A repellat maxime qui expedita cumque enim. Occaecati non eos id quos.', 5, '2019-04-06 11:29:29', '2019-04-06 11:29:29'),
(209, 7, 'Rory Bahringer', 'Fugit in commodi velit libero sunt fugiat. Minus repudiandae fuga facilis. Quos laudantium distinctio eum ipsa officia. Sit facilis quis iste sunt ducimus.', 5, '2019-04-06 11:29:29', '2019-04-06 11:29:29'),
(210, 19, 'Geovany Little', 'Facilis corporis pariatur dolorem quidem. In nesciunt iusto aspernatur quia quas similique sunt. Fugiat quia minus et officiis vero. Reiciendis excepturi qui aut facilis. Et quam voluptate possimus.', 0, '2019-04-06 11:29:29', '2019-04-06 11:29:29'),
(211, 44, 'Lucas O\'Keefe IV', 'Accusamus beatae quia aperiam qui nesciunt. Et repellendus similique qui rem. Rem illo occaecati et quasi accusamus repudiandae velit.', 3, '2019-04-06 11:29:29', '2019-04-06 11:29:29'),
(212, 28, 'Kayley Schuster', 'Reiciendis totam aperiam repudiandae similique non delectus. Hic non quo reiciendis ut omnis. Ut ratione labore reprehenderit nihil. Consequatur quo nisi occaecati eius repellat odit.', 2, '2019-04-06 11:29:29', '2019-04-06 11:29:29');
INSERT INTO `reviews` (`id`, `product_id`, `customer`, `review`, `star`, `created_at`, `updated_at`) VALUES
(213, 47, 'Noemie Will DVM', 'Amet ad voluptas aliquid et libero et. Dolor optio et voluptatem in. Et harum libero commodi harum inventore. Deserunt qui asperiores ducimus quae.', 4, '2019-04-06 11:29:29', '2019-04-06 11:29:29'),
(214, 39, 'Liliana Prohaska PhD', 'Molestiae sint omnis ea qui. Aut similique magni et modi tempora totam. Culpa eos officia eos aliquam beatae esse porro. In assumenda molestias veniam expedita.', 1, '2019-04-06 11:29:29', '2019-04-06 11:29:29'),
(215, 12, 'Brendan Weimann', 'Qui nihil totam voluptas accusantium unde velit. Enim beatae nobis at cumque non sint voluptatem. Explicabo dolorum commodi nisi pariatur incidunt. Rerum officia possimus rem rerum illum voluptatem.', 1, '2019-04-06 11:29:29', '2019-04-06 11:29:29'),
(216, 2, 'Prof. Triston Larkin', 'Et ipsum illo perspiciatis quod. Qui minima expedita dolorem sed dolorem maxime commodi nisi.', 1, '2019-04-06 11:29:29', '2019-04-06 11:29:29'),
(217, 22, 'Mr. Domingo Bernhard MD', 'Itaque et facere incidunt sed odit sed. Et et suscipit natus natus voluptate ipsum architecto. Consequatur unde sint magni dolor tempore quia quisquam qui.', 2, '2019-04-06 11:29:29', '2019-04-06 11:29:29'),
(218, 30, 'Alisa Effertz', 'Nemo minima architecto voluptatem incidunt. Qui minus et amet voluptatum. Qui sint dolores dolor culpa quas distinctio libero. Error accusamus et eos quo libero nesciunt cumque ratione.', 5, '2019-04-06 11:29:29', '2019-04-06 11:29:29'),
(219, 16, 'Prof. Erwin Feil', 'Deserunt tempore exercitationem officia ea. Repudiandae dolorem rerum sint unde dolor enim. Sequi id dicta eveniet vel. Quo vitae quis explicabo at modi rerum.', 5, '2019-04-06 11:29:29', '2019-04-06 11:29:29'),
(220, 25, 'Laurie Wintheiser', 'Impedit et voluptas accusamus qui. Earum beatae tempora voluptatem pariatur ut perferendis quia vel. Et et voluptatem sequi aut delectus dignissimos. Aut occaecati qui voluptas fugit officia. Molestiae rem omnis qui qui repudiandae.', 5, '2019-04-06 11:29:29', '2019-04-06 11:29:29'),
(221, 18, 'Clarabelle Monahan', 'Debitis sint molestiae facere. Non commodi consectetur ipsa est. Ipsum minus sunt eveniet blanditiis minus sequi. Nulla blanditiis officia tempora laboriosam reiciendis.', 3, '2019-04-06 11:29:29', '2019-04-06 11:29:29'),
(222, 21, 'Eunice Kihn', 'Soluta enim illum quia. Est quis aut ut perspiciatis asperiores. Culpa recusandae qui ullam aliquam. Est animi non rerum iure delectus cum hic.', 3, '2019-04-06 11:29:29', '2019-04-06 11:29:29'),
(223, 33, 'Dr. Mckenzie Hoeger', 'Nemo exercitationem suscipit non cum sint natus accusantium. Fuga aut aut architecto.', 3, '2019-04-06 11:29:29', '2019-04-06 11:29:29'),
(224, 1, 'Kennedy Kuhlman', 'Eum placeat enim dolores placeat. Qui id veritatis laboriosam fuga hic perspiciatis et. Et sapiente voluptate et accusamus. Fuga omnis illo qui. Et similique et esse deleniti ut.', 5, '2019-04-06 11:29:29', '2019-04-06 11:29:29'),
(225, 12, 'Mr. Dario Lockman', 'Neque praesentium debitis id necessitatibus commodi hic autem. Reiciendis itaque soluta cum. Quas vel possimus consequuntur est animi.', 0, '2019-04-06 11:29:29', '2019-04-06 11:29:29'),
(226, 38, 'Prof. Owen Reichert', 'Eum exercitationem quis soluta placeat placeat distinctio assumenda saepe. Asperiores sequi eum et. Cum qui ut qui cupiditate ipsa est ab.', 5, '2019-04-06 11:29:29', '2019-04-06 11:29:29'),
(227, 19, 'Delphia Mertz', 'Quo consequuntur rerum qui dolorem. Consequatur nobis nulla repellat architecto dolore. Impedit magnam quibusdam eos quaerat in et.', 1, '2019-04-06 11:29:29', '2019-04-06 11:29:29'),
(228, 19, 'Dr. Annetta Littel', 'Aut porro sit quia neque. Voluptatem et laborum possimus beatae minus. Vel ratione et inventore harum beatae est.', 5, '2019-04-06 11:29:29', '2019-04-06 11:29:29'),
(229, 1, 'Yvette Rempel', 'Commodi hic eveniet assumenda. Accusamus porro ut est autem voluptatem accusamus eos. Amet inventore officia et vero.', 5, '2019-04-06 11:29:29', '2019-04-06 11:29:29'),
(230, 42, 'Irwin O\'Keefe', 'Rerum nihil odio sunt fuga cum. Qui quo nisi officia. Ad qui sed et eius possimus doloremque.', 2, '2019-04-06 11:29:29', '2019-04-06 11:29:29'),
(231, 50, 'Virgil Deckow', 'Rem tempore quo quasi eius odio placeat repudiandae sit. Et quos omnis quam nisi animi. Cumque voluptas ut dolorum voluptatum.', 3, '2019-04-06 11:29:29', '2019-04-06 11:29:29'),
(232, 29, 'Isai Farrell', 'Ullam in exercitationem nisi. Aut eum rerum velit velit. Explicabo minus sit laborum quisquam officia inventore odit.', 0, '2019-04-06 11:29:29', '2019-04-06 11:29:29'),
(233, 16, 'Anabelle Grady', 'Neque iste at magnam dicta est sapiente. Et aut et est dolorem.', 2, '2019-04-06 11:29:29', '2019-04-06 11:29:29'),
(234, 14, 'Dr. Sadye Emard MD', 'Nobis quasi dolores nihil corrupti repellendus saepe illo. Est magni fuga eos itaque corrupti cupiditate repudiandae. Enim officia voluptatem cumque temporibus ea. Eos facere dolorem molestias molestiae et totam.', 1, '2019-04-06 11:29:29', '2019-04-06 11:29:29'),
(235, 47, 'Branson Kihn', 'Aut voluptatibus sequi et ut quidem odio saepe. Minus cumque voluptate voluptatem dolor. Vel nobis consequatur dolores magni corrupti. Nostrum sequi delectus harum similique reprehenderit et similique.', 3, '2019-04-06 11:29:29', '2019-04-06 11:29:29'),
(236, 29, 'Prof. Mina Stokes III', 'Voluptatem rerum non minus. Expedita qui dignissimos consequatur adipisci unde cumque dolorem. Ad eligendi ut nam similique quo quaerat omnis rerum. Ullam provident quia unde voluptatem fugit temporibus ipsa.', 4, '2019-04-06 11:29:29', '2019-04-06 11:29:29'),
(237, 37, 'Crystal Towne', 'Eaque nihil accusantium asperiores voluptatum consectetur quo molestiae. Iure maiores odit ipsam possimus ut. Ipsam inventore perferendis earum eum. Aut eum atque non molestiae fuga sunt. Modi ut ex illum distinctio fugit quo dolorem.', 4, '2019-04-06 11:29:29', '2019-04-06 11:29:29'),
(238, 1, 'Hilma Parker', 'At dolores excepturi ullam aspernatur. Qui qui suscipit mollitia voluptatem est.', 0, '2019-04-06 11:29:29', '2019-04-06 11:29:29'),
(239, 16, 'Daniela Abbott', 'Dicta ipsam ad aut voluptas corporis dolores quo. Distinctio quasi vel suscipit qui ea illo consequatur.', 5, '2019-04-06 11:29:29', '2019-04-06 11:29:29'),
(240, 20, 'Mrs. Audrey Haag', 'Accusamus voluptatibus et ullam saepe ipsa quas consequuntur. Velit dicta cupiditate reprehenderit et. Harum laboriosam non aperiam quos id magni impedit. Magnam quidem iste sunt magni eligendi.', 0, '2019-04-06 11:29:30', '2019-04-06 11:29:30'),
(241, 24, 'Dr. Leonora Jacobi PhD', 'Possimus deleniti non ut eos rerum. Numquam nesciunt tempore qui aut provident. Est aut aut exercitationem rerum. Sed nobis quia voluptatibus facilis et cupiditate quos.', 3, '2019-04-06 11:29:30', '2019-04-06 11:29:30'),
(242, 10, 'Dorris Franecki', 'Ratione minus iusto et repellat voluptas. Quod nihil numquam qui sit atque distinctio ab mollitia. Voluptatem dolorum a labore tempore. Rem corporis vero ipsa ut unde.', 0, '2019-04-06 11:29:30', '2019-04-06 11:29:30'),
(243, 35, 'Estella Strosin', 'Odio temporibus minus iste saepe sequi inventore iure. Aut cupiditate reiciendis maxime minima. Sit minus odio quaerat.', 1, '2019-04-06 11:29:30', '2019-04-06 11:29:30'),
(244, 16, 'Raheem Ernser', 'Ut quisquam voluptas aut. Velit asperiores voluptatibus iusto odit possimus. Dolorem iusto quae et suscipit sunt aut.', 2, '2019-04-06 11:29:30', '2019-04-06 11:29:30'),
(245, 46, 'Rhiannon Lehner', 'Eum suscipit aut modi et rerum adipisci tenetur ut. Aut aut distinctio recusandae sed saepe. Esse rerum maiores sed error dolorem voluptatum fuga. Sapiente eum maxime aut id id et.', 2, '2019-04-06 11:29:30', '2019-04-06 11:29:30'),
(246, 3, 'Guillermo O\'Kon', 'Omnis reprehenderit et corporis omnis. Id excepturi consequatur ad neque nesciunt vel. Itaque dolorum tempore eum aut labore aut. Explicabo eos repudiandae nihil.', 1, '2019-04-06 11:29:30', '2019-04-06 11:29:30'),
(247, 47, 'Katrine Sanford', 'Et culpa facere repellat quaerat et rerum voluptatem. Officiis esse sed ad beatae vero. Animi porro vitae quia aut et. Nisi ipsa rerum animi sed explicabo quia.', 1, '2019-04-06 11:29:30', '2019-04-06 11:29:30'),
(248, 11, 'Sven Konopelski', 'Sapiente eum et eos voluptatibus pariatur. Quidem non velit sed non et culpa iusto facere. Quo in et fuga qui.', 1, '2019-04-06 11:29:30', '2019-04-06 11:29:30'),
(249, 41, 'Aniya Fahey', 'Illo similique et eum a aut aliquam suscipit. Dolores illum veniam repudiandae odio. Aliquam ad corrupti ab veritatis sed.', 2, '2019-04-06 11:29:30', '2019-04-06 11:29:30'),
(250, 36, 'Miss Oleta McClure DVM', 'Et nemo quo voluptate quisquam mollitia quisquam. Incidunt aspernatur voluptatum maxime. Sed itaque nisi consequatur quibusdam dolorum. Temporibus sit tempora est.', 4, '2019-04-06 11:29:30', '2019-04-06 11:29:30'),
(251, 45, 'Toni Hermann', 'Accusantium ipsum doloribus id architecto necessitatibus. Autem soluta tenetur cupiditate quis nostrum. Ipsum hic ut facere. Sint quibusdam ipsa occaecati. Et aut amet rerum voluptatem nulla.', 3, '2019-04-06 11:29:30', '2019-04-06 11:29:30'),
(252, 43, 'Eleanora Wisozk IV', 'Omnis sint minima harum autem sapiente ut. Saepe ut aut dolore mollitia. Ipsa est quae soluta iusto quasi est nobis. Optio ut error rem in dolorem nemo non qui.', 2, '2019-04-06 11:29:30', '2019-04-06 11:29:30'),
(253, 43, 'Pedro Schinner PhD', 'Illo nostrum consectetur est architecto labore. Unde voluptas et nesciunt unde. Veritatis eveniet ut minus tenetur cupiditate.', 1, '2019-04-06 11:29:30', '2019-04-06 11:29:30'),
(254, 18, 'Beau Schultz', 'Ut hic omnis quia sunt sunt provident unde. Et beatae voluptatem dicta nostrum pariatur. Dicta rem dicta quo sint quo repudiandae eaque. Eum quia totam ipsam.', 1, '2019-04-06 11:29:30', '2019-04-06 11:29:30'),
(255, 40, 'Alaina Mayer', 'Incidunt assumenda rerum quasi qui accusantium minima. Ipsum sed non quam fugit quidem nesciunt. Et perferendis ut natus ut similique quo. Cumque optio ut voluptatem suscipit ea.', 1, '2019-04-06 11:29:30', '2019-04-06 11:29:30'),
(256, 9, 'Danielle Mueller', 'Ut omnis consectetur aut aut saepe qui in. Fugiat recusandae hic voluptatem modi explicabo sit odit. Natus aut aut mollitia quaerat voluptas a ipsa dolor. Dolorem ipsam dolorem error est incidunt.', 0, '2019-04-06 11:29:30', '2019-04-06 11:29:30'),
(257, 34, 'Adalberto Cassin', 'Sed ut est quasi beatae corrupti. Eveniet voluptas voluptas in omnis veritatis. Molestiae et et aut.', 2, '2019-04-06 11:29:30', '2019-04-06 11:29:30'),
(258, 21, 'Prof. Tanya Raynor', 'Cum ut magni explicabo et magni. Est cum omnis esse et dolor et odit. Molestias vel quibusdam ab qui dolorem nam unde suscipit.', 5, '2019-04-06 11:29:30', '2019-04-06 11:29:30'),
(259, 8, 'Eli Brekke', 'Officia non occaecati inventore amet explicabo incidunt. A quia in libero sunt pariatur rerum. Qui id fugit consectetur tempore excepturi voluptas. Velit quidem similique distinctio omnis sit.', 0, '2019-04-06 11:29:30', '2019-04-06 11:29:30'),
(260, 14, 'Dianna Batz', 'Minus quae placeat eum et voluptatem odio. Harum et beatae unde doloremque nisi nihil. Libero sit ipsa repudiandae quibusdam est aut quod.', 2, '2019-04-06 11:29:30', '2019-04-06 11:29:30'),
(261, 5, 'Pink Murphy', 'Odit saepe dolores voluptates quia nobis quia molestias. Delectus quis iure nobis iste. Voluptas a quis omnis cupiditate voluptas. Consequatur pariatur autem hic ea. Amet voluptatem fugiat adipisci nihil voluptatem minima consequatur.', 0, '2019-04-06 11:29:30', '2019-04-06 11:29:30'),
(262, 22, 'Missouri Walsh DDS', 'Aut molestiae vero dignissimos necessitatibus. Possimus ut consectetur officiis molestiae.', 0, '2019-04-06 11:29:30', '2019-04-06 11:29:30'),
(263, 37, 'Priscilla Collins', 'In eum sit qui quibusdam voluptatem. Consequatur et numquam libero laudantium. Quam nulla qui recusandae ducimus quia et.', 3, '2019-04-06 11:29:30', '2019-04-06 11:29:30'),
(264, 49, 'Kenyon Erdman', 'Quidem qui nihil harum porro iusto ut. Nihil porro hic rerum molestiae. Ut distinctio consequuntur itaque totam consequatur et minus. Aperiam cumque est blanditiis soluta.', 5, '2019-04-06 11:29:30', '2019-04-06 11:29:30'),
(265, 23, 'Shanelle Mosciski', 'Eveniet amet eos et nobis sunt quisquam dolor dicta. Doloribus autem illum vel dolor atque consequatur. Facilis dolor ea quas. Suscipit repellat rerum voluptate quibusdam. Et quo error earum nam sint.', 1, '2019-04-06 11:29:30', '2019-04-06 11:29:30'),
(266, 47, 'Zoey Dibbert', 'Minus fugiat sunt fuga molestias et tempora. Ducimus eos ut beatae nobis rerum. Est corrupti voluptatem itaque rerum et blanditiis. Non ut consequatur totam eaque et veniam sit sapiente.', 5, '2019-04-06 11:29:30', '2019-04-06 11:29:30'),
(267, 35, 'Ms. Roxane Anderson PhD', 'Accusantium ex qui autem eligendi. Eius natus eveniet dolores voluptas. Doloremque voluptatum enim nulla accusamus. Voluptates ut quia aut necessitatibus voluptate. Est qui temporibus aut ut vel aut.', 3, '2019-04-06 11:29:30', '2019-04-06 11:29:30'),
(268, 17, 'Margarete Leffler IV', 'Iste eligendi dolorum explicabo quos ea autem. Adipisci est velit ut veniam impedit quae. Perspiciatis reprehenderit delectus voluptatem voluptas.', 5, '2019-04-06 11:29:30', '2019-04-06 11:29:30'),
(269, 46, 'Miller Lubowitz', 'Aperiam repellat eos excepturi vel et impedit amet. Id aut nobis odit ea dolorem officiis. At laudantium deserunt aut ipsam deleniti vel. Architecto reprehenderit et et qui.', 2, '2019-04-06 11:29:30', '2019-04-06 11:29:30'),
(270, 41, 'Dr. Hazle Gorczany', 'Atque hic neque consectetur deserunt. Odit consequuntur a voluptate non architecto aut quidem. Nihil distinctio dolorum vitae sed quas nobis est. Veniam omnis officiis dolore officia amet.', 2, '2019-04-06 11:29:30', '2019-04-06 11:29:30'),
(271, 3, 'Prof. Kylie McGlynn DDS', 'Sunt consectetur in assumenda iste ducimus eaque non. Dolorum aut suscipit ad reprehenderit consequatur optio et vel. Et dolore magni rerum dolor aliquid accusamus.', 5, '2019-04-06 11:29:30', '2019-04-06 11:29:30'),
(272, 9, 'Prof. Rollin Pouros', 'Quod ad et et beatae ut excepturi. Sint quos id soluta optio. Impedit sit et veniam aut.', 3, '2019-04-06 11:29:30', '2019-04-06 11:29:30'),
(273, 47, 'Kristoffer Schroeder V', 'Eaque qui neque non deserunt est eaque. Porro numquam dolorum sunt id debitis. Ullam dolor consectetur qui fuga.', 1, '2019-04-06 11:29:30', '2019-04-06 11:29:30'),
(274, 6, 'Dr. Ruthe Frami II', 'Aperiam libero iusto quos velit qui et ea. Expedita sint nam iste recusandae expedita. Itaque totam fuga temporibus recusandae voluptatem aut.', 5, '2019-04-06 11:29:30', '2019-04-06 11:29:30'),
(275, 43, 'Clifton Daugherty', 'Iusto earum cupiditate eum aut. Qui neque esse ea minima aut et sunt.', 5, '2019-04-06 11:29:30', '2019-04-06 11:29:30'),
(276, 46, 'Cody Hamill III', 'Omnis totam expedita dolor expedita occaecati ut reiciendis. Harum enim sunt deserunt ut dignissimos voluptatibus. Quas harum veritatis voluptate. Aut sapiente mollitia libero.', 2, '2019-04-06 11:29:31', '2019-04-06 11:29:31'),
(277, 41, 'Branson Welch', 'Quisquam est error nulla at saepe. Tenetur illum aut ad deserunt. Consequatur voluptatem aut qui est dolorum et. Similique molestiae rerum omnis in sint.', 5, '2019-04-06 11:29:31', '2019-04-06 11:29:31'),
(278, 11, 'Elroy Schultz', 'Exercitationem corporis tempore sed aut optio voluptates exercitationem ut. Quo et voluptatem quis ex possimus nam. Harum sint maxime architecto voluptatem impedit rem nam omnis.', 3, '2019-04-06 11:29:31', '2019-04-06 11:29:31'),
(279, 19, 'Mr. Donald Grant', 'Dolorum et voluptatem omnis dolore vero fugit quia veritatis. Laborum totam nisi consequatur dolorem delectus ratione. Molestiae nihil sit ipsum. Non adipisci sint dolorum sed eaque exercitationem voluptatibus.', 1, '2019-04-06 11:29:31', '2019-04-06 11:29:31'),
(280, 39, 'Prof. Christian Donnelly DVM', 'A incidunt laborum rem unde. Accusamus dolores ipsum iste nihil. Quas sed cupiditate voluptas vitae debitis praesentium enim. Consequatur non minus hic iusto nihil qui iure.', 0, '2019-04-06 11:29:31', '2019-04-06 11:29:31'),
(281, 32, 'Dr. Hollie Franecki', 'Perferendis labore iste amet ut. Id sint a quod fugit sapiente enim. Velit error sunt explicabo inventore quia. Blanditiis enim iure cupiditate nemo accusamus voluptas.', 5, '2019-04-06 11:29:31', '2019-04-06 11:29:31'),
(282, 38, 'Garnett Cartwright V', 'Molestiae eos distinctio provident saepe sit non officiis. Cum praesentium sit et. Non adipisci in non harum.', 3, '2019-04-06 11:29:31', '2019-04-06 11:29:31'),
(283, 27, 'Garry McGlynn', 'Officiis in dolorem in voluptatum veritatis. Sed sed soluta maiores sunt incidunt rerum totam. Delectus iste repudiandae laboriosam harum cum.', 3, '2019-04-06 11:29:31', '2019-04-06 11:29:31'),
(284, 30, 'Jessika Nolan', 'Nihil saepe consectetur placeat rerum sequi deleniti qui. Voluptatibus corrupti qui autem vitae quaerat doloremque ipsa accusantium. Ut sit iusto sit earum reprehenderit incidunt. Et id alias beatae dignissimos pariatur autem.', 1, '2019-04-06 11:29:31', '2019-04-06 11:29:31'),
(285, 11, 'Ms. Fanny Legros IV', 'Qui velit doloremque ut quisquam velit officia veniam. Dignissimos placeat et recusandae consequatur quae est error. Ipsa id illum distinctio unde perferendis ut eum. Soluta autem ipsum dolore deleniti quasi.', 1, '2019-04-06 11:29:31', '2019-04-06 11:29:31'),
(286, 26, 'Ansley VonRueden', 'Porro corporis iure quis labore voluptatem omnis nesciunt. Iusto qui aut perferendis iste aliquam fugit vel. Voluptatum fugiat consequatur beatae voluptatibus possimus explicabo.', 5, '2019-04-06 11:29:31', '2019-04-06 11:29:31'),
(287, 47, 'Maud Runte MD', 'Minima autem omnis perspiciatis ut. Possimus velit consequatur nihil qui esse cupiditate reprehenderit. Perferendis consequatur enim illo voluptatem sapiente numquam beatae est.', 2, '2019-04-06 11:29:31', '2019-04-06 11:29:31'),
(288, 36, 'Margarete Conn', 'Autem minus cupiditate dolores. Consequatur consequatur et nemo itaque ratione odio vel. Quia similique amet aperiam repellendus commodi sequi. Qui saepe ullam maxime vero tenetur aperiam non.', 1, '2019-04-06 11:29:31', '2019-04-06 11:29:31'),
(289, 39, 'Prof. Catalina Roob', 'Adipisci nulla sed in esse. Amet atque voluptatem velit alias dolor quas. Excepturi repudiandae eligendi sit rerum voluptate cumque et. Tempora eos occaecati iste provident ut ex aut quis.', 3, '2019-04-06 11:29:31', '2019-04-06 11:29:31'),
(290, 43, 'Gregorio Keeling DDS', 'Sit in porro eius vero. Corporis officia ea optio et iste mollitia sed. Eligendi sequi iure et rerum quis.', 3, '2019-04-06 11:29:31', '2019-04-06 11:29:31'),
(291, 6, 'Kailee Daniel Sr.', 'Ipsum enim est pariatur est modi illo aperiam. Sapiente nulla ab odio. Ea voluptatem vero sint officiis. Et perferendis quia quasi quam voluptatem ut dolorem.', 4, '2019-04-06 11:29:31', '2019-04-06 11:29:31'),
(292, 41, 'Winfield McDermott', 'Ea illo sint qui. Et aut suscipit aut rem dolores. Enim cumque ducimus laborum. Esse rerum et repellat omnis facere porro.', 2, '2019-04-06 11:29:31', '2019-04-06 11:29:31'),
(293, 43, 'Lewis Kshlerin', 'Voluptatum cum voluptas ratione minus consectetur. Aut totam ipsam et laudantium necessitatibus. A veritatis qui libero quod maiores ea.', 4, '2019-04-06 11:29:31', '2019-04-06 11:29:31'),
(294, 24, 'Mr. Luis Hintz', 'Animi culpa iure odit illo consectetur sit. Et neque neque asperiores et. Optio omnis beatae et est provident debitis. Dolorum quia molestiae est cum.', 2, '2019-04-06 11:29:31', '2019-04-06 11:29:31'),
(295, 29, 'Prof. Melisa Satterfield', 'Sed quo sed quis reiciendis. Vitae est quos dolorem sed impedit optio. Explicabo officiis et ut tempore sunt suscipit.', 0, '2019-04-06 11:29:31', '2019-04-06 11:29:31'),
(296, 3, 'Wilhelmine Monahan', 'Quo corporis ut aut commodi. Sint aliquam aut autem et a ducimus maxime et. Ratione occaecati qui nihil consequuntur qui iste fugiat. Maiores quasi iusto eveniet et voluptate itaque.', 4, '2019-04-06 11:29:31', '2019-04-06 11:29:31'),
(297, 20, 'Dominique Langworth', 'Veritatis dignissimos sit consequuntur quasi. Dicta similique iste magnam porro aut quia consequuntur. Sapiente nostrum sed est alias.', 0, '2019-04-06 11:29:31', '2019-04-06 11:29:31'),
(298, 15, 'Neha Emard', 'Rerum voluptates rerum debitis ex repellendus ratione. Ut ipsam odio eum ut. Veritatis sint distinctio ut consectetur. Accusantium porro dolor consequatur et dignissimos quia.', 5, '2019-04-06 11:29:31', '2019-04-06 11:29:31'),
(299, 43, 'Nels Emmerich', 'Porro autem consequatur ducimus dolor. Ad nesciunt exercitationem sed perspiciatis illo mollitia facilis. Sit ipsum sint perspiciatis alias expedita perferendis. Est autem sunt id molestias delectus cumque maxime.', 4, '2019-04-06 11:29:31', '2019-04-06 11:29:31'),
(300, 41, 'Adolfo Price', 'Est accusantium quia corrupti dolorum. Est eaque aliquid alias eum dicta. Aut esse ut temporibus dicta.', 3, '2019-04-06 11:29:31', '2019-04-06 11:29:31');

-- --------------------------------------------------------

--
-- Table structure for table `users`
--

CREATE TABLE `users` (
  `id` bigint(20) UNSIGNED NOT NULL,
  `name` varchar(255) COLLATE utf8mb4_unicode_ci NOT NULL,
  `email` varchar(255) COLLATE utf8mb4_unicode_ci NOT NULL,
  `email_verified_at` timestamp NULL DEFAULT NULL,
  `password` varchar(255) COLLATE utf8mb4_unicode_ci NOT NULL,
  `remember_token` varchar(100) COLLATE utf8mb4_unicode_ci DEFAULT NULL,
  `created_at` timestamp NULL DEFAULT NULL,
  `updated_at` timestamp NULL DEFAULT NULL
) ENGINE=InnoDB DEFAULT CHARSET=utf8mb4 COLLATE=utf8mb4_unicode_ci;

--
-- Indexes for dumped tables
--

--
-- Indexes for table `migrations`
--
ALTER TABLE `migrations`
  ADD PRIMARY KEY (`id`);

--
-- Indexes for table `products`
--
ALTER TABLE `products`
  ADD PRIMARY KEY (`id`);

--
-- Indexes for table `reviews`
--
ALTER TABLE `reviews`
  ADD PRIMARY KEY (`id`),
  ADD KEY `reviews_product_id_index` (`product_id`);

--
-- Indexes for table `users`
--
ALTER TABLE `users`
  ADD PRIMARY KEY (`id`);

--
-- AUTO_INCREMENT for dumped tables
--

--
-- AUTO_INCREMENT for table `migrations`
--
ALTER TABLE `migrations`
  MODIFY `id` int(10) UNSIGNED NOT NULL AUTO_INCREMENT, AUTO_INCREMENT=3;

--
-- AUTO_INCREMENT for table `products`
--
ALTER TABLE `products`
  MODIFY `id` int(10) UNSIGNED NOT NULL AUTO_INCREMENT, AUTO_INCREMENT=51;

--
-- AUTO_INCREMENT for table `reviews`
--
ALTER TABLE `reviews`
  MODIFY `id` int(10) UNSIGNED NOT NULL AUTO_INCREMENT, AUTO_INCREMENT=301;

--
-- AUTO_INCREMENT for table `users`
--
ALTER TABLE `users`
  MODIFY `id` bigint(20) UNSIGNED NOT NULL AUTO_INCREMENT;

--
-- Constraints for dumped tables
--

--
-- Constraints for table `reviews`
--
ALTER TABLE `reviews`
  ADD CONSTRAINT `reviews_product_id_foreign` FOREIGN KEY (`product_id`) REFERENCES `products` (`id`);
COMMIT;

/*!40101 SET CHARACTER_SET_CLIENT=@OLD_CHARACTER_SET_CLIENT */;
/*!40101 SET CHARACTER_SET_RESULTS=@OLD_CHARACTER_SET_RESULTS */;
/*!40101 SET COLLATION_CONNECTION=@OLD_COLLATION_CONNECTION */;
